Command line invocation:
    /Applications/Xcode.app/Contents/Developer/usr/bin/xcodebuild -project CanvasTextReceiptEvidence.xcodeproj -scheme CanvasTextReceiptEvidence -sdk iphonesimulator -configuration Debug -jobs 2 -derivedDataPath /tmp/luna-ios-text-receipt-build-ZsbJQ5/derived-data

Build settings from command line:
    SDKROOT = iphonesimulator26.2

--- xcodebuild: WARNING: Using the first of multiple matching destinations:
{ platform:iOS Simulator, id:dvtdevice-DVTiOSDeviceSimulatorPlaceholder-iphonesimulator:placeholder, name:Any iOS Simulator Device }
{ platform:iOS Simulator, arch:arm64, id:F5E027EF-EF9B-4E6C-B01E-C6573FE448CC, OS:26.3.1, name:Penkra iPhone }
{ platform:iOS Simulator, arch:arm64, id:989E6B50-7D4C-48A4-8DE9-E8E924E166F3, OS:26.3.1, name:Penut iPhone }
{ platform:iOS Simulator, arch:arm64, id:941B94EF-AF48-4887-8D85-95F2D3CB9E8F, OS:26.3.1, name:iPad (A16) }
{ platform:iOS Simulator, arch:arm64, id:B0904885-BD2F-4C9E-AEF5-CE5795A2E71F, OS:26.3.1, name:iPad Air 11-inch (M3) }
{ platform:iOS Simulator, arch:arm64, id:B388EB87-FF6D-4893-80EC-5607B9FB8662, OS:26.3.1, name:iPad Air 13-inch (M3) }
{ platform:iOS Simulator, arch:arm64, id:BBDD2C12-3882-4DB2-BFBF-8CD501B9834E, OS:26.3.1, name:iPad Pro 11-inch (M5) }
{ platform:iOS Simulator, arch:arm64, id:12343694-4960-4AB6-AF3F-E4D9A460BC39, OS:26.3.1, name:iPad Pro 13-inch (M5) }
{ platform:iOS Simulator, arch:arm64, id:7F68B850-B6B7-4C84-A92E-99F0FC1A0E33, OS:26.3.1, name:iPad Pro 13-inch (M5) (16GB) }
{ platform:iOS Simulator, arch:arm64, id:8F053C2C-958D-4CC5-AB38-E838CFAC9442, OS:26.3.1, name:iPad mini (A17 Pro) }
{ platform:iOS Simulator, arch:arm64, id:DD90ED0B-F4E9-4C73-9431-3853DFF83C23, OS:26.3.1, name:iPhone 16e }
{ platform:iOS Simulator, arch:arm64, id:4E8B50E6-64F8-4186-B2B8-97D9B78AC34A, OS:26.3.1, name:iPhone 17 }
{ platform:iOS Simulator, arch:arm64, id:64F1DD05-DCCC-4584-A6B3-21B44A4DC5BA, OS:26.3.1, name:iPhone 17 Pro }
{ platform:iOS Simulator, arch:arm64, id:A3D92728-7F7B-44D1-BE51-155B891905D9, OS:26.3.1, name:iPhone 17 Pro }
{ platform:iOS Simulator, arch:arm64, id:D118D718-6386-4BCE-98A3-C301A431D694, OS:26.3.1, name:iPhone 17 Pro }
{ platform:iOS Simulator, arch:arm64, id:D230EC2C-334E-4862-9030-A42521FCA854, OS:26.3.1, name:iPhone 17 Pro }
{ platform:iOS Simulator, arch:arm64, id:E0593F27-7B04-4EC6-8BF7-FAC8FD164775, OS:26.3.1, name:iPhone 17 Pro }
{ platform:iOS Simulator, arch:arm64, id:A6327714-722B-4E55-8CBF-77EB44563EB1, OS:26.3.1, name:iPhone 17 Pro Max }
{ platform:iOS Simulator, arch:arm64, id:99267100-C607-4771-B9E6-B9EC036C5564, OS:26.3.1, name:iPhone Air }
{ platform:macOS, arch:arm64, variant:Designed for [iPad,iPhone], id:00006001-000C28210E69401E, name:My Mac }
{ platform:iOS, id:dvtdevice-DVTiPhonePlaceholder-iphoneos:placeholder, name:Any iOS Device }
{ platform:iOS, id:00008030-000829201A61802E, name:Emmanuel’s iPhone 11, error:Emmanuel’s iPhone 11 is not connected Xcode will continue when Emmanuel’s iPhone 11 is connected and unlocked. }
{ platform:iOS, id:00008101-000A61D03E08001E, name:Emmanuel’s iPhone 12, error:Emmanuel’s iPhone 12 is not connected Xcode will continue when Emmanuel’s iPhone 12 is connected and unlocked. }
{ platform:iOS, arch:arm64, id:00008110-0019746A3E51801E, name:Emmanuel’s iPhone 13  }
Build Preparation
Build task concurrency set to 2 via user default IDEBuildOperationMaxNumberOfConcurrentCompileTasks

ComputePackagePrebuildTargetDependencyGraph

Prepare packages

CreateBuildRequest

SendProjectDescription

CreateBuildOperation

ComputeTargetDependencyGraph
note: Building targets in dependency order
note: Target dependency graph (1 target)
    Target 'CanvasTextReceiptEvidence' in project 'CanvasTextReceiptEvidence' (no dependencies)

GatherProvisioningInputs

CreateBuildDescription

ExecuteExternalTool /Applications/Xcode.app/Contents/Developer/Toolchains/XcodeDefault.xctoolchain/usr/bin/clang -v -E -dM -isysroot /Applications/Xcode.app/Contents/Developer/Platforms/iPhoneSimulator.platform/Developer/SDKs/iPhoneSimulator26.2.sdk -x c -c /dev/null

ExecuteExternalTool /Applications/Xcode.app/Contents/Developer/Toolchains/XcodeDefault.xctoolchain/usr/bin/swiftc --version

ExecuteExternalTool /Applications/Xcode.app/Contents/Developer/Toolchains/XcodeDefault.xctoolchain/usr/bin/ld -version_details

Build description signature: 6a18f6a20efe081da056ee4955efc875
Build description path: /tmp/luna-ios-text-receipt-build-ZsbJQ5/derived-data/Build/Intermediates.noindex/XCBuildData/6a18f6a20efe081da056ee4955efc875.xcbuilddata
CreateBuildDirectory /tmp/luna-ios-text-receipt-build-ZsbJQ5/derived-data/Build/Products
    cd /tmp/luna-ios-text-receipt-build-ZsbJQ5/project-parent/luna-ios-text-receipt-20260907/CanvasTextReceiptEvidence.xcodeproj
    builtin-create-build-directory /tmp/luna-ios-text-receipt-build-ZsbJQ5/derived-data/Build/Products

ClangStatCache /Applications/Xcode.app/Contents/Developer/Toolchains/XcodeDefault.xctoolchain/usr/bin/clang-stat-cache /Applications/Xcode.app/Contents/Developer/Platforms/iPhoneSimulator.platform/Developer/SDKs/iPhoneSimulator26.2.sdk /tmp/luna-ios-text-receipt-build-ZsbJQ5/derived-data/SDKStatCaches.noindex/iphonesimulator26.2-23C53-dc75598d0054f22ec865fa860f139d727d00a8b37fbd7999ea79df8ebc024bf0.sdkstatcache
    cd /tmp/luna-ios-text-receipt-build-ZsbJQ5/project-parent/luna-ios-text-receipt-20260907/CanvasTextReceiptEvidence.xcodeproj
    /Applications/Xcode.app/Contents/Developer/Toolchains/XcodeDefault.xctoolchain/usr/bin/clang-stat-cache /Applications/Xcode.app/Contents/Developer/Platforms/iPhoneSimulator.platform/Developer/SDKs/iPhoneSimulator26.2.sdk -o /tmp/luna-ios-text-receipt-build-ZsbJQ5/derived-data/SDKStatCaches.noindex/iphonesimulator26.2-23C53-dc75598d0054f22ec865fa860f139d727d00a8b37fbd7999ea79df8ebc024bf0.sdkstatcache

CreateBuildDirectory /tmp/luna-ios-text-receipt-build-ZsbJQ5/derived-data/Build/Intermediates.noindex
    cd /tmp/luna-ios-text-receipt-build-ZsbJQ5/project-parent/luna-ios-text-receipt-20260907/CanvasTextReceiptEvidence.xcodeproj
    builtin-create-build-directory /tmp/luna-ios-text-receipt-build-ZsbJQ5/derived-data/Build/Intermediates.noindex

CreateBuildDirectory /tmp/luna-ios-text-receipt-build-ZsbJQ5/derived-data/Build/Products/Debug-iphonesimulator
    cd /tmp/luna-ios-text-receipt-build-ZsbJQ5/project-parent/luna-ios-text-receipt-20260907/CanvasTextReceiptEvidence.xcodeproj
    builtin-create-build-directory /tmp/luna-ios-text-receipt-build-ZsbJQ5/derived-data/Build/Products/Debug-iphonesimulator

WriteAuxiliaryFile /tmp/luna-ios-text-receipt-build-ZsbJQ5/derived-data/Build/Intermediates.noindex/CanvasTextReceiptEvidence.build/Debug-iphonesimulator/CanvasTextReceiptEvidence-890de86b1c501eb8522c69d0053fa6f9-VFS-iphonesimulator/all-product-headers.yaml
    cd /tmp/luna-ios-text-receipt-build-ZsbJQ5/project-parent/luna-ios-text-receipt-20260907/CanvasTextReceiptEvidence.xcodeproj
    write-file /tmp/luna-ios-text-receipt-build-ZsbJQ5/derived-data/Build/Intermediates.noindex/CanvasTextReceiptEvidence.build/Debug-iphonesimulator/CanvasTextReceiptEvidence-890de86b1c501eb8522c69d0053fa6f9-VFS-iphonesimulator/all-product-headers.yaml

CreateBuildDirectory /tmp/luna-ios-text-receipt-build-ZsbJQ5/derived-data/Build/Intermediates.noindex/SwiftExplicitPrecompiledModules
    cd /tmp/luna-ios-text-receipt-build-ZsbJQ5/project-parent/luna-ios-text-receipt-20260907/CanvasTextReceiptEvidence.xcodeproj
    builtin-create-build-directory /tmp/luna-ios-text-receipt-build-ZsbJQ5/derived-data/Build/Intermediates.noindex/SwiftExplicitPrecompiledModules

CreateBuildDirectory /tmp/luna-ios-text-receipt-build-ZsbJQ5/derived-data/Build/Intermediates.noindex/ExplicitPrecompiledModules
    cd /tmp/luna-ios-text-receipt-build-ZsbJQ5/project-parent/luna-ios-text-receipt-20260907/CanvasTextReceiptEvidence.xcodeproj
    builtin-create-build-directory /tmp/luna-ios-text-receipt-build-ZsbJQ5/derived-data/Build/Intermediates.noindex/ExplicitPrecompiledModules

CreateBuildDirectory /tmp/luna-ios-text-receipt-build-ZsbJQ5/derived-data/Build/Intermediates.noindex/EagerLinkingTBDs/Debug-iphonesimulator
    cd /tmp/luna-ios-text-receipt-build-ZsbJQ5/project-parent/luna-ios-text-receipt-20260907/CanvasTextReceiptEvidence.xcodeproj
    builtin-create-build-directory /tmp/luna-ios-text-receipt-build-ZsbJQ5/derived-data/Build/Intermediates.noindex/EagerLinkingTBDs/Debug-iphonesimulator

WriteAuxiliaryFile /tmp/luna-ios-text-receipt-build-ZsbJQ5/derived-data/Build/Intermediates.noindex/CanvasTextReceiptEvidence.build/Debug-iphonesimulator/CanvasTextReceiptEvidence.build/empty-CanvasTextReceiptEvidence.plist (in target 'CanvasTextReceiptEvidence' from project 'CanvasTextReceiptEvidence')
    cd /tmp/luna-ios-text-receipt-build-ZsbJQ5/project-parent/luna-ios-text-receipt-20260907
    write-file /tmp/luna-ios-text-receipt-build-ZsbJQ5/derived-data/Build/Intermediates.noindex/CanvasTextReceiptEvidence.build/Debug-iphonesimulator/CanvasTextReceiptEvidence.build/empty-CanvasTextReceiptEvidence.plist

WriteAuxiliaryFile /tmp/luna-ios-text-receipt-build-ZsbJQ5/derived-data/Build/Intermediates.noindex/CanvasTextReceiptEvidence.build/Debug-iphonesimulator/CanvasTextReceiptEvidence.build/Objects-normal/x86_64/CanvasTextReceiptEvidence_const_extract_protocols.json (in target 'CanvasTextReceiptEvidence' from project 'CanvasTextReceiptEvidence')
    cd /tmp/luna-ios-text-receipt-build-ZsbJQ5/project-parent/luna-ios-text-receipt-20260907
    write-file /tmp/luna-ios-text-receipt-build-ZsbJQ5/derived-data/Build/Intermediates.noindex/CanvasTextReceiptEvidence.build/Debug-iphonesimulator/CanvasTextReceiptEvidence.build/Objects-normal/x86_64/CanvasTextReceiptEvidence_const_extract_protocols.json

WriteAuxiliaryFile /tmp/luna-ios-text-receipt-build-ZsbJQ5/derived-data/Build/Intermediates.noindex/CanvasTextReceiptEvidence.build/Debug-iphonesimulator/CanvasTextReceiptEvidence.build/Objects-normal/x86_64/CanvasTextReceiptEvidence.SwiftFileList (in target 'CanvasTextReceiptEvidence' from project 'CanvasTextReceiptEvidence')
    cd /tmp/luna-ios-text-receipt-build-ZsbJQ5/project-parent/luna-ios-text-receipt-20260907
    write-file /tmp/luna-ios-text-receipt-build-ZsbJQ5/derived-data/Build/Intermediates.noindex/CanvasTextReceiptEvidence.build/Debug-iphonesimulator/CanvasTextReceiptEvidence.build/Objects-normal/x86_64/CanvasTextReceiptEvidence.SwiftFileList

WriteAuxiliaryFile /tmp/luna-ios-text-receipt-build-ZsbJQ5/derived-data/Build/Intermediates.noindex/CanvasTextReceiptEvidence.build/Debug-iphonesimulator/CanvasTextReceiptEvidence.build/Objects-normal/x86_64/CanvasTextReceiptEvidence.SwiftConstValuesFileList (in target 'CanvasTextReceiptEvidence' from project 'CanvasTextReceiptEvidence')
    cd /tmp/luna-ios-text-receipt-build-ZsbJQ5/project-parent/luna-ios-text-receipt-20260907
    write-file /tmp/luna-ios-text-receipt-build-ZsbJQ5/derived-data/Build/Intermediates.noindex/CanvasTextReceiptEvidence.build/Debug-iphonesimulator/CanvasTextReceiptEvidence.build/Objects-normal/x86_64/CanvasTextReceiptEvidence.SwiftConstValuesFileList

WriteAuxiliaryFile /tmp/luna-ios-text-receipt-build-ZsbJQ5/derived-data/Build/Intermediates.noindex/CanvasTextReceiptEvidence.build/Debug-iphonesimulator/CanvasTextReceiptEvidence.build/Objects-normal/x86_64/CanvasTextReceiptEvidence.LinkFileList (in target 'CanvasTextReceiptEvidence' from project 'CanvasTextReceiptEvidence')
    cd /tmp/luna-ios-text-receipt-build-ZsbJQ5/project-parent/luna-ios-text-receipt-20260907
    write-file /tmp/luna-ios-text-receipt-build-ZsbJQ5/derived-data/Build/Intermediates.noindex/CanvasTextReceiptEvidence.build/Debug-iphonesimulator/CanvasTextReceiptEvidence.build/Objects-normal/x86_64/CanvasTextReceiptEvidence.LinkFileList

WriteAuxiliaryFile /tmp/luna-ios-text-receipt-build-ZsbJQ5/derived-data/Build/Intermediates.noindex/CanvasTextReceiptEvidence.build/Debug-iphonesimulator/CanvasTextReceiptEvidence.build/Objects-normal/x86_64/CanvasTextReceiptEvidence-OutputFileMap.json (in target 'CanvasTextReceiptEvidence' from project 'CanvasTextReceiptEvidence')
    cd /tmp/luna-ios-text-receipt-build-ZsbJQ5/project-parent/luna-ios-text-receipt-20260907
    write-file /tmp/luna-ios-text-receipt-build-ZsbJQ5/derived-data/Build/Intermediates.noindex/CanvasTextReceiptEvidence.build/Debug-iphonesimulator/CanvasTextReceiptEvidence.build/Objects-normal/x86_64/CanvasTextReceiptEvidence-OutputFileMap.json

WriteAuxiliaryFile /tmp/luna-ios-text-receipt-build-ZsbJQ5/derived-data/Build/Intermediates.noindex/CanvasTextReceiptEvidence.build/Debug-iphonesimulator/CanvasTextReceiptEvidence.build/Objects-normal/arm64/CanvasTextReceiptEvidence_const_extract_protocols.json (in target 'CanvasTextReceiptEvidence' from project 'CanvasTextReceiptEvidence')
    cd /tmp/luna-ios-text-receipt-build-ZsbJQ5/project-parent/luna-ios-text-receipt-20260907
    write-file /tmp/luna-ios-text-receipt-build-ZsbJQ5/derived-data/Build/Intermediates.noindex/CanvasTextReceiptEvidence.build/Debug-iphonesimulator/CanvasTextReceiptEvidence.build/Objects-normal/arm64/CanvasTextReceiptEvidence_const_extract_protocols.json

WriteAuxiliaryFile /tmp/luna-ios-text-receipt-build-ZsbJQ5/derived-data/Build/Intermediates.noindex/CanvasTextReceiptEvidence.build/Debug-iphonesimulator/CanvasTextReceiptEvidence.build/Objects-normal/arm64/CanvasTextReceiptEvidence.SwiftFileList (in target 'CanvasTextReceiptEvidence' from project 'CanvasTextReceiptEvidence')
    cd /tmp/luna-ios-text-receipt-build-ZsbJQ5/project-parent/luna-ios-text-receipt-20260907
    write-file /tmp/luna-ios-text-receipt-build-ZsbJQ5/derived-data/Build/Intermediates.noindex/CanvasTextReceiptEvidence.build/Debug-iphonesimulator/CanvasTextReceiptEvidence.build/Objects-normal/arm64/CanvasTextReceiptEvidence.SwiftFileList

WriteAuxiliaryFile /tmp/luna-ios-text-receipt-build-ZsbJQ5/derived-data/Build/Intermediates.noindex/CanvasTextReceiptEvidence.build/Debug-iphonesimulator/CanvasTextReceiptEvidence.build/Objects-normal/arm64/CanvasTextReceiptEvidence.SwiftConstValuesFileList (in target 'CanvasTextReceiptEvidence' from project 'CanvasTextReceiptEvidence')
    cd /tmp/luna-ios-text-receipt-build-ZsbJQ5/project-parent/luna-ios-text-receipt-20260907
    write-file /tmp/luna-ios-text-receipt-build-ZsbJQ5/derived-data/Build/Intermediates.noindex/CanvasTextReceiptEvidence.build/Debug-iphonesimulator/CanvasTextReceiptEvidence.build/Objects-normal/arm64/CanvasTextReceiptEvidence.SwiftConstValuesFileList

WriteAuxiliaryFile /tmp/luna-ios-text-receipt-build-ZsbJQ5/derived-data/Build/Intermediates.noindex/CanvasTextReceiptEvidence.build/Debug-iphonesimulator/CanvasTextReceiptEvidence.build/Objects-normal/arm64/CanvasTextReceiptEvidence.LinkFileList (in target 'CanvasTextReceiptEvidence' from project 'CanvasTextReceiptEvidence')
    cd /tmp/luna-ios-text-receipt-build-ZsbJQ5/project-parent/luna-ios-text-receipt-20260907
    write-file /tmp/luna-ios-text-receipt-build-ZsbJQ5/derived-data/Build/Intermediates.noindex/CanvasTextReceiptEvidence.build/Debug-iphonesimulator/CanvasTextReceiptEvidence.build/Objects-normal/arm64/CanvasTextReceiptEvidence.LinkFileList

WriteAuxiliaryFile /tmp/luna-ios-text-receipt-build-ZsbJQ5/derived-data/Build/Intermediates.noindex/CanvasTextReceiptEvidence.build/Debug-iphonesimulator/CanvasTextReceiptEvidence.build/Objects-normal/arm64/CanvasTextReceiptEvidence-OutputFileMap.json (in target 'CanvasTextReceiptEvidence' from project 'CanvasTextReceiptEvidence')
    cd /tmp/luna-ios-text-receipt-build-ZsbJQ5/project-parent/luna-ios-text-receipt-20260907
    write-file /tmp/luna-ios-text-receipt-build-ZsbJQ5/derived-data/Build/Intermediates.noindex/CanvasTextReceiptEvidence.build/Debug-iphonesimulator/CanvasTextReceiptEvidence.build/Objects-normal/arm64/CanvasTextReceiptEvidence-OutputFileMap.json

WriteAuxiliaryFile /tmp/luna-ios-text-receipt-build-ZsbJQ5/derived-data/Build/Intermediates.noindex/CanvasTextReceiptEvidence.build/Debug-iphonesimulator/CanvasTextReceiptEvidence.build/CanvasTextReceiptEvidence.hmap (in target 'CanvasTextReceiptEvidence' from project 'CanvasTextReceiptEvidence')
    cd /tmp/luna-ios-text-receipt-build-ZsbJQ5/project-parent/luna-ios-text-receipt-20260907
    write-file /tmp/luna-ios-text-receipt-build-ZsbJQ5/derived-data/Build/Intermediates.noindex/CanvasTextReceiptEvidence.build/Debug-iphonesimulator/CanvasTextReceiptEvidence.build/CanvasTextReceiptEvidence.hmap

WriteAuxiliaryFile /tmp/luna-ios-text-receipt-build-ZsbJQ5/derived-data/Build/Intermediates.noindex/CanvasTextReceiptEvidence.build/Debug-iphonesimulator/CanvasTextReceiptEvidence.build/CanvasTextReceiptEvidence.DependencyStaticMetadataFileList (in target 'CanvasTextReceiptEvidence' from project 'CanvasTextReceiptEvidence')
    cd /tmp/luna-ios-text-receipt-build-ZsbJQ5/project-parent/luna-ios-text-receipt-20260907
    write-file /tmp/luna-ios-text-receipt-build-ZsbJQ5/derived-data/Build/Intermediates.noindex/CanvasTextReceiptEvidence.build/Debug-iphonesimulator/CanvasTextReceiptEvidence.build/CanvasTextReceiptEvidence.DependencyStaticMetadataFileList

WriteAuxiliaryFile /tmp/luna-ios-text-receipt-build-ZsbJQ5/derived-data/Build/Intermediates.noindex/CanvasTextReceiptEvidence.build/Debug-iphonesimulator/CanvasTextReceiptEvidence.build/CanvasTextReceiptEvidence.DependencyMetadataFileList (in target 'CanvasTextReceiptEvidence' from project 'CanvasTextReceiptEvidence')
    cd /tmp/luna-ios-text-receipt-build-ZsbJQ5/project-parent/luna-ios-text-receipt-20260907
    write-file /tmp/luna-ios-text-receipt-build-ZsbJQ5/derived-data/Build/Intermediates.noindex/CanvasTextReceiptEvidence.build/Debug-iphonesimulator/CanvasTextReceiptEvidence.build/CanvasTextReceiptEvidence.DependencyMetadataFileList

WriteAuxiliaryFile /tmp/luna-ios-text-receipt-build-ZsbJQ5/derived-data/Build/Intermediates.noindex/CanvasTextReceiptEvidence.build/Debug-iphonesimulator/CanvasTextReceiptEvidence.build/CanvasTextReceiptEvidence-project-headers.hmap (in target 'CanvasTextReceiptEvidence' from project 'CanvasTextReceiptEvidence')
    cd /tmp/luna-ios-text-receipt-build-ZsbJQ5/project-parent/luna-ios-text-receipt-20260907
    write-file /tmp/luna-ios-text-receipt-build-ZsbJQ5/derived-data/Build/Intermediates.noindex/CanvasTextReceiptEvidence.build/Debug-iphonesimulator/CanvasTextReceiptEvidence.build/CanvasTextReceiptEvidence-project-headers.hmap

WriteAuxiliaryFile /tmp/luna-ios-text-receipt-build-ZsbJQ5/derived-data/Build/Intermediates.noindex/CanvasTextReceiptEvidence.build/Debug-iphonesimulator/CanvasTextReceiptEvidence.build/CanvasTextReceiptEvidence-own-target-headers.hmap (in target 'CanvasTextReceiptEvidence' from project 'CanvasTextReceiptEvidence')
    cd /tmp/luna-ios-text-receipt-build-ZsbJQ5/project-parent/luna-ios-text-receipt-20260907
    write-file /tmp/luna-ios-text-receipt-build-ZsbJQ5/derived-data/Build/Intermediates.noindex/CanvasTextReceiptEvidence.build/Debug-iphonesimulator/CanvasTextReceiptEvidence.build/CanvasTextReceiptEvidence-own-target-headers.hmap

WriteAuxiliaryFile /tmp/luna-ios-text-receipt-build-ZsbJQ5/derived-data/Build/Intermediates.noindex/CanvasTextReceiptEvidence.build/Debug-iphonesimulator/CanvasTextReceiptEvidence.build/CanvasTextReceiptEvidence-generated-files.hmap (in target 'CanvasTextReceiptEvidence' from project 'CanvasTextReceiptEvidence')
    cd /tmp/luna-ios-text-receipt-build-ZsbJQ5/project-parent/luna-ios-text-receipt-20260907
    write-file /tmp/luna-ios-text-receipt-build-ZsbJQ5/derived-data/Build/Intermediates.noindex/CanvasTextReceiptEvidence.build/Debug-iphonesimulator/CanvasTextReceiptEvidence.build/CanvasTextReceiptEvidence-generated-files.hmap

WriteAuxiliaryFile /tmp/luna-ios-text-receipt-build-ZsbJQ5/derived-data/Build/Intermediates.noindex/CanvasTextReceiptEvidence.build/Debug-iphonesimulator/CanvasTextReceiptEvidence.build/CanvasTextReceiptEvidence-all-target-headers.hmap (in target 'CanvasTextReceiptEvidence' from project 'CanvasTextReceiptEvidence')
    cd /tmp/luna-ios-text-receipt-build-ZsbJQ5/project-parent/luna-ios-text-receipt-20260907
    write-file /tmp/luna-ios-text-receipt-build-ZsbJQ5/derived-data/Build/Intermediates.noindex/CanvasTextReceiptEvidence.build/Debug-iphonesimulator/CanvasTextReceiptEvidence.build/CanvasTextReceiptEvidence-all-target-headers.hmap

WriteAuxiliaryFile /tmp/luna-ios-text-receipt-build-ZsbJQ5/derived-data/Build/Intermediates.noindex/CanvasTextReceiptEvidence.build/Debug-iphonesimulator/CanvasTextReceiptEvidence.build/CanvasTextReceiptEvidence-all-non-framework-target-headers.hmap (in target 'CanvasTextReceiptEvidence' from project 'CanvasTextReceiptEvidence')
    cd /tmp/luna-ios-text-receipt-build-ZsbJQ5/project-parent/luna-ios-text-receipt-20260907
    write-file /tmp/luna-ios-text-receipt-build-ZsbJQ5/derived-data/Build/Intermediates.noindex/CanvasTextReceiptEvidence.build/Debug-iphonesimulator/CanvasTextReceiptEvidence.build/CanvasTextReceiptEvidence-all-non-framework-target-headers.hmap

WriteAuxiliaryFile /tmp/luna-ios-text-receipt-build-ZsbJQ5/derived-data/Build/Intermediates.noindex/CanvasTextReceiptEvidence.build/Debug-iphonesimulator/CanvasTextReceiptEvidence.build/CanvasTextReceiptEvidence-DebugDylibPath-normal-x86_64.txt (in target 'CanvasTextReceiptEvidence' from project 'CanvasTextReceiptEvidence')
    cd /tmp/luna-ios-text-receipt-build-ZsbJQ5/project-parent/luna-ios-text-receipt-20260907
    write-file /tmp/luna-ios-text-receipt-build-ZsbJQ5/derived-data/Build/Intermediates.noindex/CanvasTextReceiptEvidence.build/Debug-iphonesimulator/CanvasTextReceiptEvidence.build/CanvasTextReceiptEvidence-DebugDylibPath-normal-x86_64.txt

WriteAuxiliaryFile /tmp/luna-ios-text-receipt-build-ZsbJQ5/derived-data/Build/Intermediates.noindex/CanvasTextReceiptEvidence.build/Debug-iphonesimulator/CanvasTextReceiptEvidence.build/CanvasTextReceiptEvidence-DebugDylibPath-normal-arm64.txt (in target 'CanvasTextReceiptEvidence' from project 'CanvasTextReceiptEvidence')
    cd /tmp/luna-ios-text-receipt-build-ZsbJQ5/project-parent/luna-ios-text-receipt-20260907
    write-file /tmp/luna-ios-text-receipt-build-ZsbJQ5/derived-data/Build/Intermediates.noindex/CanvasTextReceiptEvidence.build/Debug-iphonesimulator/CanvasTextReceiptEvidence.build/CanvasTextReceiptEvidence-DebugDylibPath-normal-arm64.txt

WriteAuxiliaryFile /tmp/luna-ios-text-receipt-build-ZsbJQ5/derived-data/Build/Intermediates.noindex/CanvasTextReceiptEvidence.build/Debug-iphonesimulator/CanvasTextReceiptEvidence.build/CanvasTextReceiptEvidence-DebugDylibInstallName-normal-x86_64.txt (in target 'CanvasTextReceiptEvidence' from project 'CanvasTextReceiptEvidence')
    cd /tmp/luna-ios-text-receipt-build-ZsbJQ5/project-parent/luna-ios-text-receipt-20260907
    write-file /tmp/luna-ios-text-receipt-build-ZsbJQ5/derived-data/Build/Intermediates.noindex/CanvasTextReceiptEvidence.build/Debug-iphonesimulator/CanvasTextReceiptEvidence.build/CanvasTextReceiptEvidence-DebugDylibInstallName-normal-x86_64.txt

WriteAuxiliaryFile /tmp/luna-ios-text-receipt-build-ZsbJQ5/derived-data/Build/Intermediates.noindex/CanvasTextReceiptEvidence.build/Debug-iphonesimulator/CanvasTextReceiptEvidence.build/CanvasTextReceiptEvidence-DebugDylibInstallName-normal-arm64.txt (in target 'CanvasTextReceiptEvidence' from project 'CanvasTextReceiptEvidence')
    cd /tmp/luna-ios-text-receipt-build-ZsbJQ5/project-parent/luna-ios-text-receipt-20260907
    write-file /tmp/luna-ios-text-receipt-build-ZsbJQ5/derived-data/Build/Intermediates.noindex/CanvasTextReceiptEvidence.build/Debug-iphonesimulator/CanvasTextReceiptEvidence.build/CanvasTextReceiptEvidence-DebugDylibInstallName-normal-arm64.txt

MkDir /tmp/luna-ios-text-receipt-build-ZsbJQ5/derived-data/Build/Products/Debug-iphonesimulator/CanvasTextReceiptEvidence.app (in target 'CanvasTextReceiptEvidence' from project 'CanvasTextReceiptEvidence')
    cd /tmp/luna-ios-text-receipt-build-ZsbJQ5/project-parent/luna-ios-text-receipt-20260907
    /bin/mkdir -p /tmp/luna-ios-text-receipt-build-ZsbJQ5/derived-data/Build/Products/Debug-iphonesimulator/CanvasTextReceiptEvidence.app

Ld /tmp/luna-ios-text-receipt-build-ZsbJQ5/derived-data/Build/Intermediates.noindex/CanvasTextReceiptEvidence.build/Debug-iphonesimulator/CanvasTextReceiptEvidence.build/Objects-normal/x86_64/Binary/__preview.dylib normal x86_64 (in target 'CanvasTextReceiptEvidence' from project 'CanvasTextReceiptEvidence')
    cd /tmp/luna-ios-text-receipt-build-ZsbJQ5/project-parent/luna-ios-text-receipt-20260907
    /Applications/Xcode.app/Contents/Developer/Toolchains/XcodeDefault.xctoolchain/usr/bin/clang -Xlinker -reproducible -target x86_64-apple-ios16.0-simulator -dynamiclib -isysroot /Applications/Xcode.app/Contents/Developer/Platforms/iPhoneSimulator.platform/Developer/SDKs/iPhoneSimulator26.2.sdk -O0 -L/tmp/luna-ios-text-receipt-build-ZsbJQ5/derived-data/Build/Products/Debug-iphonesimulator -F/tmp/luna-ios-text-receipt-build-ZsbJQ5/derived-data/Build/Products/Debug-iphonesimulator -install_name @rpath/CanvasTextReceiptEvidence.debug.dylib -dead_strip -rdynamic -Xlinker -no_deduplicate -Xlinker -objc_abi_version -Xlinker 2 -Xlinker -dependency_info -Xlinker /tmp/luna-ios-text-receipt-build-ZsbJQ5/derived-data/Build/Intermediates.noindex/CanvasTextReceiptEvidence.build/Debug-iphonesimulator/CanvasTextReceiptEvidence.build/Objects-normal/x86_64/CanvasTextReceiptEvidence_dependency_info.dat -o /tmp/luna-ios-text-receipt-build-ZsbJQ5/derived-data/Build/Intermediates.noindex/CanvasTextReceiptEvidence.build/Debug-iphonesimulator/CanvasTextReceiptEvidence.build/Objects-normal/x86_64/Binary/__preview.dylib

Ld /tmp/luna-ios-text-receipt-build-ZsbJQ5/derived-data/Build/Intermediates.noindex/CanvasTextReceiptEvidence.build/Debug-iphonesimulator/CanvasTextReceiptEvidence.build/Objects-normal/arm64/Binary/__preview.dylib normal arm64 (in target 'CanvasTextReceiptEvidence' from project 'CanvasTextReceiptEvidence')
    cd /tmp/luna-ios-text-receipt-build-ZsbJQ5/project-parent/luna-ios-text-receipt-20260907
    /Applications/Xcode.app/Contents/Developer/Toolchains/XcodeDefault.xctoolchain/usr/bin/clang -Xlinker -reproducible -target arm64-apple-ios16.0-simulator -dynamiclib -isysroot /Applications/Xcode.app/Contents/Developer/Platforms/iPhoneSimulator.platform/Developer/SDKs/iPhoneSimulator26.2.sdk -O0 -L/tmp/luna-ios-text-receipt-build-ZsbJQ5/derived-data/Build/Products/Debug-iphonesimulator -F/tmp/luna-ios-text-receipt-build-ZsbJQ5/derived-data/Build/Products/Debug-iphonesimulator -install_name @rpath/CanvasTextReceiptEvidence.debug.dylib -dead_strip -rdynamic -Xlinker -no_deduplicate -Xlinker -objc_abi_version -Xlinker 2 -Xlinker -dependency_info -Xlinker /tmp/luna-ios-text-receipt-build-ZsbJQ5/derived-data/Build/Intermediates.noindex/CanvasTextReceiptEvidence.build/Debug-iphonesimulator/CanvasTextReceiptEvidence.build/Objects-normal/arm64/CanvasTextReceiptEvidence_dependency_info.dat -o /tmp/luna-ios-text-receipt-build-ZsbJQ5/derived-data/Build/Intermediates.noindex/CanvasTextReceiptEvidence.build/Debug-iphonesimulator/CanvasTextReceiptEvidence.build/Objects-normal/arm64/Binary/__preview.dylib

ProcessInfoPlistFile /tmp/luna-ios-text-receipt-build-ZsbJQ5/derived-data/Build/Products/Debug-iphonesimulator/CanvasTextReceiptEvidence.app/Info.plist /tmp/luna-ios-text-receipt-build-ZsbJQ5/derived-data/Build/Intermediates.noindex/CanvasTextReceiptEvidence.build/Debug-iphonesimulator/CanvasTextReceiptEvidence.build/empty-CanvasTextReceiptEvidence.plist (in target 'CanvasTextReceiptEvidence' from project 'CanvasTextReceiptEvidence')
    cd /tmp/luna-ios-text-receipt-build-ZsbJQ5/project-parent/luna-ios-text-receipt-20260907
    builtin-infoPlistUtility /tmp/luna-ios-text-receipt-build-ZsbJQ5/derived-data/Build/Intermediates.noindex/CanvasTextReceiptEvidence.build/Debug-iphonesimulator/CanvasTextReceiptEvidence.build/empty-CanvasTextReceiptEvidence.plist -producttype com.apple.product-type.application -genpkginfo /tmp/luna-ios-text-receipt-build-ZsbJQ5/derived-data/Build/Products/Debug-iphonesimulator/CanvasTextReceiptEvidence.app/PkgInfo -expandbuildsettings -format binary -platform iphonesimulator -o /tmp/luna-ios-text-receipt-build-ZsbJQ5/derived-data/Build/Products/Debug-iphonesimulator/CanvasTextReceiptEvidence.app/Info.plist

CreateUniversalBinary /tmp/luna-ios-text-receipt-build-ZsbJQ5/derived-data/Build/Products/Debug-iphonesimulator/CanvasTextReceiptEvidence.app/__preview.dylib normal arm64\ x86_64 (in target 'CanvasTextReceiptEvidence' from project 'CanvasTextReceiptEvidence')
    cd /tmp/luna-ios-text-receipt-build-ZsbJQ5/project-parent/luna-ios-text-receipt-20260907
    /Applications/Xcode.app/Contents/Developer/Toolchains/XcodeDefault.xctoolchain/usr/bin/lipo -create /tmp/luna-ios-text-receipt-build-ZsbJQ5/derived-data/Build/Intermediates.noindex/CanvasTextReceiptEvidence.build/Debug-iphonesimulator/CanvasTextReceiptEvidence.build/Objects-normal/arm64/Binary/__preview.dylib /tmp/luna-ios-text-receipt-build-ZsbJQ5/derived-data/Build/Intermediates.noindex/CanvasTextReceiptEvidence.build/Debug-iphonesimulator/CanvasTextReceiptEvidence.build/Objects-normal/x86_64/Binary/__preview.dylib -output /tmp/luna-ios-text-receipt-build-ZsbJQ5/derived-data/Build/Products/Debug-iphonesimulator/CanvasTextReceiptEvidence.app/__preview.dylib

CpResource /tmp/luna-ios-text-receipt-build-ZsbJQ5/derived-data/Build/Products/Debug-iphonesimulator/CanvasTextReceiptEvidence.app/fbe825cbfc749317f57a1433d3905aa9d3f388732fd29b8e8a36f34845e3bc3e.ttf /tmp/luna-ios-text-receipt-build-ZsbJQ5/project-parent/luna-ios-text-20260906/exact-font-catalog/Fonts/fbe825cbfc749317f57a1433d3905aa9d3f388732fd29b8e8a36f34845e3bc3e.ttf (in target 'CanvasTextReceiptEvidence' from project 'CanvasTextReceiptEvidence')
    cd /tmp/luna-ios-text-receipt-build-ZsbJQ5/project-parent/luna-ios-text-receipt-20260907
    builtin-copy -exclude .DS_Store -exclude CVS -exclude .svn -exclude .git -exclude .hg -resolve-src-symlinks /tmp/luna-ios-text-receipt-build-ZsbJQ5/project-parent/luna-ios-text-20260906/exact-font-catalog/Fonts/fbe825cbfc749317f57a1433d3905aa9d3f388732fd29b8e8a36f34845e3bc3e.ttf /tmp/luna-ios-text-receipt-build-ZsbJQ5/derived-data/Build/Products/Debug-iphonesimulator/CanvasTextReceiptEvidence.app

CpResource /tmp/luna-ios-text-receipt-build-ZsbJQ5/derived-data/Build/Products/Debug-iphonesimulator/CanvasTextReceiptEvidence.app/a414b48aa577ef2c62ebb135341ddeef33ee26a4f5dc9f787f93c1aab08ebb50.ttf /tmp/luna-ios-text-receipt-build-ZsbJQ5/project-parent/luna-ios-text-20260906/exact-font-catalog/Fonts/a414b48aa577ef2c62ebb135341ddeef33ee26a4f5dc9f787f93c1aab08ebb50.ttf (in target 'CanvasTextReceiptEvidence' from project 'CanvasTextReceiptEvidence')
    cd /tmp/luna-ios-text-receipt-build-ZsbJQ5/project-parent/luna-ios-text-receipt-20260907
    builtin-copy -exclude .DS_Store -exclude CVS -exclude .svn -exclude .git -exclude .hg -resolve-src-symlinks /tmp/luna-ios-text-receipt-build-ZsbJQ5/project-parent/luna-ios-text-20260906/exact-font-catalog/Fonts/a414b48aa577ef2c62ebb135341ddeef33ee26a4f5dc9f787f93c1aab08ebb50.ttf /tmp/luna-ios-text-receipt-build-ZsbJQ5/derived-data/Build/Products/Debug-iphonesimulator/CanvasTextReceiptEvidence.app

CpResource /tmp/luna-ios-text-receipt-build-ZsbJQ5/derived-data/Build/Products/Debug-iphonesimulator/CanvasTextReceiptEvidence.app/FONT-INTEGRATION.md /tmp/luna-ios-text-receipt-build-ZsbJQ5/project-parent/luna-ios-text-receipt-20260907/swift/Sources/CanvasTextReceipt/FONT-INTEGRATION.md (in target 'CanvasTextReceiptEvidence' from project 'CanvasTextReceiptEvidence')
    cd /tmp/luna-ios-text-receipt-build-ZsbJQ5/project-parent/luna-ios-text-receipt-20260907
    builtin-copy -exclude .DS_Store -exclude CVS -exclude .svn -exclude .git -exclude .hg -resolve-src-symlinks /tmp/luna-ios-text-receipt-build-ZsbJQ5/project-parent/luna-ios-text-receipt-20260907/swift/Sources/CanvasTextReceipt/FONT-INTEGRATION.md /tmp/luna-ios-text-receipt-build-ZsbJQ5/derived-data/Build/Products/Debug-iphonesimulator/CanvasTextReceiptEvidence.app

SwiftDriver CanvasTextReceiptEvidence normal arm64 com.apple.xcode.tools.swift.compiler (in target 'CanvasTextReceiptEvidence' from project 'CanvasTextReceiptEvidence')
    cd /tmp/luna-ios-text-receipt-build-ZsbJQ5/project-parent/luna-ios-text-receipt-20260907
    builtin-SwiftDriver -- /Applications/Xcode.app/Contents/Developer/Toolchains/XcodeDefault.xctoolchain/usr/bin/swiftc -module-name CanvasTextReceiptEvidence -Onone -enforce-exclusivity\=checked @/tmp/luna-ios-text-receipt-build-ZsbJQ5/derived-data/Build/Intermediates.noindex/CanvasTextReceiptEvidence.build/Debug-iphonesimulator/CanvasTextReceiptEvidence.build/Objects-normal/arm64/CanvasTextReceiptEvidence.SwiftFileList -DDEBUG -enable-experimental-feature DebugDescriptionMacro -sdk /Applications/Xcode.app/Contents/Developer/Platforms/iPhoneSimulator.platform/Developer/SDKs/iPhoneSimulator26.2.sdk -target arm64-apple-ios16.0-simulator -g -module-cache-path /tmp/luna-ios-text-receipt-build-ZsbJQ5/derived-data/ModuleCache.noindex -Xfrontend -serialize-debugging-options -enable-testing -index-store-path /tmp/luna-ios-text-receipt-build-ZsbJQ5/derived-data/Index.noindex/DataStore -Xcc -D_LIBCPP_HARDENING_MODE\=_LIBCPP_HARDENING_MODE_DEBUG -swift-version 6 -I /tmp/luna-ios-text-receipt-build-ZsbJQ5/derived-data/Build/Products/Debug-iphonesimulator -F /tmp/luna-ios-text-receipt-build-ZsbJQ5/derived-data/Build/Products/Debug-iphonesimulator -c -j10 -enable-batch-mode -incremental -Xcc -ivfsstatcache -Xcc /tmp/luna-ios-text-receipt-build-ZsbJQ5/derived-data/SDKStatCaches.noindex/iphonesimulator26.2-23C53-dc75598d0054f22ec865fa860f139d727d00a8b37fbd7999ea79df8ebc024bf0.sdkstatcache -output-file-map /tmp/luna-ios-text-receipt-build-ZsbJQ5/derived-data/Build/Intermediates.noindex/CanvasTextReceiptEvidence.build/Debug-iphonesimulator/CanvasTextReceiptEvidence.build/Objects-normal/arm64/CanvasTextReceiptEvidence-OutputFileMap.json -use-frontend-parseable-output -save-temps -no-color-diagnostics -explicit-module-build -module-cache-path /tmp/luna-ios-text-receipt-build-ZsbJQ5/derived-data/Build/Intermediates.noindex/SwiftExplicitPrecompiledModules -clang-scanner-module-cache-path /tmp/luna-ios-text-receipt-build-ZsbJQ5/derived-data/ModuleCache.noindex -sdk-module-cache-path /tmp/luna-ios-text-receipt-build-ZsbJQ5/derived-data/ModuleCache.noindex -serialize-diagnostics -emit-dependencies -emit-module -emit-module-path /tmp/luna-ios-text-receipt-build-ZsbJQ5/derived-data/Build/Intermediates.noindex/CanvasTextReceiptEvidence.build/Debug-iphonesimulator/CanvasTextReceiptEvidence.build/Objects-normal/arm64/CanvasTextReceiptEvidence.swiftmodule -validate-clang-modules-once -clang-build-session-file /tmp/luna-ios-text-receipt-build-ZsbJQ5/derived-data/ModuleCache.noindex/Session.modulevalidation -Xcc -I/tmp/luna-ios-text-receipt-build-ZsbJQ5/derived-data/Build/Intermediates.noindex/CanvasTextReceiptEvidence.build/Debug-iphonesimulator/CanvasTextReceiptEvidence.build/swift-overrides.hmap -emit-const-values -Xfrontend -const-gather-protocols-file -Xfrontend /tmp/luna-ios-text-receipt-build-ZsbJQ5/derived-data/Build/Intermediates.noindex/CanvasTextReceiptEvidence.build/Debug-iphonesimulator/CanvasTextReceiptEvidence.build/Objects-normal/arm64/CanvasTextReceiptEvidence_const_extract_protocols.json -Xcc -iquote -Xcc /tmp/luna-ios-text-receipt-build-ZsbJQ5/derived-data/Build/Intermediates.noindex/CanvasTextReceiptEvidence.build/Debug-iphonesimulator/CanvasTextReceiptEvidence.build/CanvasTextReceiptEvidence-generated-files.hmap -Xcc -I/tmp/luna-ios-text-receipt-build-ZsbJQ5/derived-data/Build/Intermediates.noindex/CanvasTextReceiptEvidence.build/Debug-iphonesimulator/CanvasTextReceiptEvidence.build/CanvasTextReceiptEvidence-own-target-headers.hmap -Xcc -I/tmp/luna-ios-text-receipt-build-ZsbJQ5/derived-data/Build/Intermediates.noindex/CanvasTextReceiptEvidence.build/Debug-iphonesimulator/CanvasTextReceiptEvidence.build/CanvasTextReceiptEvidence-all-target-headers.hmap -Xcc -iquote -Xcc /tmp/luna-ios-text-receipt-build-ZsbJQ5/derived-data/Build/Intermediates.noindex/CanvasTextReceiptEvidence.build/Debug-iphonesimulator/CanvasTextReceiptEvidence.build/CanvasTextReceiptEvidence-project-headers.hmap -Xcc -I/tmp/luna-ios-text-receipt-build-ZsbJQ5/derived-data/Build/Products/Debug-iphonesimulator/include -Xcc -I/tmp/luna-ios-text-receipt-build-ZsbJQ5/derived-data/Build/Intermediates.noindex/CanvasTextReceiptEvidence.build/Debug-iphonesimulator/CanvasTextReceiptEvidence.build/DerivedSources-normal/arm64 -Xcc -I/tmp/luna-ios-text-receipt-build-ZsbJQ5/derived-data/Build/Intermediates.noindex/CanvasTextReceiptEvidence.build/Debug-iphonesimulator/CanvasTextReceiptEvidence.build/DerivedSources/arm64 -Xcc -I/tmp/luna-ios-text-receipt-build-ZsbJQ5/derived-data/Build/Intermediates.noindex/CanvasTextReceiptEvidence.build/Debug-iphonesimulator/CanvasTextReceiptEvidence.build/DerivedSources -Xcc -DDEBUG\=1 -emit-objc-header -emit-objc-header-path /tmp/luna-ios-text-receipt-build-ZsbJQ5/derived-data/Build/Intermediates.noindex/CanvasTextReceiptEvidence.build/Debug-iphonesimulator/CanvasTextReceiptEvidence.build/Objects-normal/arm64/CanvasTextReceiptEvidence-Swift.h -working-directory /tmp/luna-ios-text-receipt-build-ZsbJQ5/project-parent/luna-ios-text-receipt-20260907 -experimental-emit-module-separately -disable-cmo

SwiftDriver CanvasTextReceiptEvidence normal x86_64 com.apple.xcode.tools.swift.compiler (in target 'CanvasTextReceiptEvidence' from project 'CanvasTextReceiptEvidence')
    cd /tmp/luna-ios-text-receipt-build-ZsbJQ5/project-parent/luna-ios-text-receipt-20260907
    builtin-SwiftDriver -- /Applications/Xcode.app/Contents/Developer/Toolchains/XcodeDefault.xctoolchain/usr/bin/swiftc -module-name CanvasTextReceiptEvidence -Onone -enforce-exclusivity\=checked @/tmp/luna-ios-text-receipt-build-ZsbJQ5/derived-data/Build/Intermediates.noindex/CanvasTextReceiptEvidence.build/Debug-iphonesimulator/CanvasTextReceiptEvidence.build/Objects-normal/x86_64/CanvasTextReceiptEvidence.SwiftFileList -DDEBUG -enable-experimental-feature DebugDescriptionMacro -sdk /Applications/Xcode.app/Contents/Developer/Platforms/iPhoneSimulator.platform/Developer/SDKs/iPhoneSimulator26.2.sdk -target x86_64-apple-ios16.0-simulator -g -module-cache-path /tmp/luna-ios-text-receipt-build-ZsbJQ5/derived-data/ModuleCache.noindex -Xfrontend -serialize-debugging-options -enable-testing -index-store-path /tmp/luna-ios-text-receipt-build-ZsbJQ5/derived-data/Index.noindex/DataStore -Xcc -D_LIBCPP_HARDENING_MODE\=_LIBCPP_HARDENING_MODE_DEBUG -swift-version 6 -I /tmp/luna-ios-text-receipt-build-ZsbJQ5/derived-data/Build/Products/Debug-iphonesimulator -F /tmp/luna-ios-text-receipt-build-ZsbJQ5/derived-data/Build/Products/Debug-iphonesimulator -c -j10 -enable-batch-mode -incremental -Xcc -ivfsstatcache -Xcc /tmp/luna-ios-text-receipt-build-ZsbJQ5/derived-data/SDKStatCaches.noindex/iphonesimulator26.2-23C53-dc75598d0054f22ec865fa860f139d727d00a8b37fbd7999ea79df8ebc024bf0.sdkstatcache -output-file-map /tmp/luna-ios-text-receipt-build-ZsbJQ5/derived-data/Build/Intermediates.noindex/CanvasTextReceiptEvidence.build/Debug-iphonesimulator/CanvasTextReceiptEvidence.build/Objects-normal/x86_64/CanvasTextReceiptEvidence-OutputFileMap.json -use-frontend-parseable-output -save-temps -no-color-diagnostics -explicit-module-build -module-cache-path /tmp/luna-ios-text-receipt-build-ZsbJQ5/derived-data/Build/Intermediates.noindex/SwiftExplicitPrecompiledModules -clang-scanner-module-cache-path /tmp/luna-ios-text-receipt-build-ZsbJQ5/derived-data/ModuleCache.noindex -sdk-module-cache-path /tmp/luna-ios-text-receipt-build-ZsbJQ5/derived-data/ModuleCache.noindex -serialize-diagnostics -emit-dependencies -emit-module -emit-module-path /tmp/luna-ios-text-receipt-build-ZsbJQ5/derived-data/Build/Intermediates.noindex/CanvasTextReceiptEvidence.build/Debug-iphonesimulator/CanvasTextReceiptEvidence.build/Objects-normal/x86_64/CanvasTextReceiptEvidence.swiftmodule -validate-clang-modules-once -clang-build-session-file /tmp/luna-ios-text-receipt-build-ZsbJQ5/derived-data/ModuleCache.noindex/Session.modulevalidation -Xcc -I/tmp/luna-ios-text-receipt-build-ZsbJQ5/derived-data/Build/Intermediates.noindex/CanvasTextReceiptEvidence.build/Debug-iphonesimulator/CanvasTextReceiptEvidence.build/swift-overrides.hmap -emit-const-values -Xfrontend -const-gather-protocols-file -Xfrontend /tmp/luna-ios-text-receipt-build-ZsbJQ5/derived-data/Build/Intermediates.noindex/CanvasTextReceiptEvidence.build/Debug-iphonesimulator/CanvasTextReceiptEvidence.build/Objects-normal/x86_64/CanvasTextReceiptEvidence_const_extract_protocols.json -Xcc -iquote -Xcc /tmp/luna-ios-text-receipt-build-ZsbJQ5/derived-data/Build/Intermediates.noindex/CanvasTextReceiptEvidence.build/Debug-iphonesimulator/CanvasTextReceiptEvidence.build/CanvasTextReceiptEvidence-generated-files.hmap -Xcc -I/tmp/luna-ios-text-receipt-build-ZsbJQ5/derived-data/Build/Intermediates.noindex/CanvasTextReceiptEvidence.build/Debug-iphonesimulator/CanvasTextReceiptEvidence.build/CanvasTextReceiptEvidence-own-target-headers.hmap -Xcc -I/tmp/luna-ios-text-receipt-build-ZsbJQ5/derived-data/Build/Intermediates.noindex/CanvasTextReceiptEvidence.build/Debug-iphonesimulator/CanvasTextReceiptEvidence.build/CanvasTextReceiptEvidence-all-target-headers.hmap -Xcc -iquote -Xcc /tmp/luna-ios-text-receipt-build-ZsbJQ5/derived-data/Build/Intermediates.noindex/CanvasTextReceiptEvidence.build/Debug-iphonesimulator/CanvasTextReceiptEvidence.build/CanvasTextReceiptEvidence-project-headers.hmap -Xcc -I/tmp/luna-ios-text-receipt-build-ZsbJQ5/derived-data/Build/Products/Debug-iphonesimulator/include -Xcc -I/tmp/luna-ios-text-receipt-build-ZsbJQ5/derived-data/Build/Intermediates.noindex/CanvasTextReceiptEvidence.build/Debug-iphonesimulator/CanvasTextReceiptEvidence.build/DerivedSources-normal/x86_64 -Xcc -I/tmp/luna-ios-text-receipt-build-ZsbJQ5/derived-data/Build/Intermediates.noindex/CanvasTextReceiptEvidence.build/Debug-iphonesimulator/CanvasTextReceiptEvidence.build/DerivedSources/x86_64 -Xcc -I/tmp/luna-ios-text-receipt-build-ZsbJQ5/derived-data/Build/Intermediates.noindex/CanvasTextReceiptEvidence.build/Debug-iphonesimulator/CanvasTextReceiptEvidence.build/DerivedSources -Xcc -DDEBUG\=1 -emit-objc-header -emit-objc-header-path /tmp/luna-ios-text-receipt-build-ZsbJQ5/derived-data/Build/Intermediates.noindex/CanvasTextReceiptEvidence.build/Debug-iphonesimulator/CanvasTextReceiptEvidence.build/Objects-normal/x86_64/CanvasTextReceiptEvidence-Swift.h -working-directory /tmp/luna-ios-text-receipt-build-ZsbJQ5/project-parent/luna-ios-text-receipt-20260907 -experimental-emit-module-separately -disable-cmo

SwiftExplicitDependencyGeneratePcm x86_64 /tmp/luna-ios-text-receipt-build-ZsbJQ5/derived-data/ModuleCache.noindex/ptrcheck-DL0LJWKS8HA8R1URUIPB3BWET.pcm

SwiftExplicitDependencyGeneratePcm x86_64 /tmp/luna-ios-text-receipt-build-ZsbJQ5/derived-data/ModuleCache.noindex/_SwiftConcurrencyShims-E567IPWHXIMVVJK1SVKXQDT8N.pcm

SwiftExplicitDependencyGeneratePcm arm64 /tmp/luna-ios-text-receipt-build-ZsbJQ5/derived-data/ModuleCache.noindex/_SwiftConcurrencyShims-CX6GCCDU7BE9ISKQABQA4MFR7.pcm

SwiftExplicitDependencyGeneratePcm arm64 /tmp/luna-ios-text-receipt-build-ZsbJQ5/derived-data/ModuleCache.noindex/DeveloperToolsSupport-31TZOVK168OJMNH9GI4DGH8FH.pcm

SwiftExplicitDependencyGeneratePcm arm64 /tmp/luna-ios-text-receipt-build-ZsbJQ5/derived-data/ModuleCache.noindex/_AvailabilityInternal-698NGY2XMZDKLPL06RV6I2DO2.pcm

SwiftExplicitDependencyGeneratePcm arm64 /tmp/luna-ios-text-receipt-build-ZsbJQ5/derived-data/ModuleCache.noindex/_Builtin_float-3XOJHE4GR0AFY4JCODC0D2IVA.pcm

SwiftExplicitDependencyGeneratePcm arm64 /tmp/luna-ios-text-receipt-build-ZsbJQ5/derived-data/ModuleCache.noindex/ptrcheck-BJ6YW8V613MP91P9DG0ZX86CW.pcm

SwiftExplicitDependencyGeneratePcm x86_64 /tmp/luna-ios-text-receipt-build-ZsbJQ5/derived-data/ModuleCache.noindex/_Builtin_float-9MOPC21TP8OA96RBQK7FIM1CC.pcm

SwiftExplicitDependencyGeneratePcm arm64 /tmp/luna-ios-text-receipt-build-ZsbJQ5/derived-data/ModuleCache.noindex/_Builtin_stdbool-790NHOXWO3FFKGRM11JFLE29Q.pcm

SwiftExplicitDependencyGeneratePcm arm64 /tmp/luna-ios-text-receipt-build-ZsbJQ5/derived-data/ModuleCache.noindex/_Builtin_stddef-9O4UACN32J9CLTQJFU53HPBP0.pcm

SwiftExplicitDependencyGeneratePcm x86_64 /tmp/luna-ios-text-receipt-build-ZsbJQ5/derived-data/ModuleCache.noindex/_Builtin_stdbool-EHDY0JQMSA78MU9X8ZE4JAVOX.pcm

SwiftExplicitDependencyGeneratePcm arm64 /tmp/luna-ios-text-receipt-build-ZsbJQ5/derived-data/ModuleCache.noindex/_DarwinFoundation1-7H8MEJJAKQ9QZ553ZDCPINK7K.pcm

SwiftExplicitDependencyGeneratePcm x86_64 /tmp/luna-ios-text-receipt-build-ZsbJQ5/derived-data/ModuleCache.noindex/_AvailabilityInternal-60QA2DQFOV60F6BJRPAIX31L5.pcm

SwiftExplicitDependencyGeneratePcm x86_64 /tmp/luna-ios-text-receipt-build-ZsbJQ5/derived-data/ModuleCache.noindex/_Builtin_stddef-9YYG6HWTE1Z28P6GTJUQ02PO1.pcm

SwiftExplicitDependencyGeneratePcm x86_64 /tmp/luna-ios-text-receipt-build-ZsbJQ5/derived-data/ModuleCache.noindex/_DarwinFoundation1-6EF4ACRQGR3PQ9YE2IWKRDW6L.pcm

SwiftExplicitDependencyGeneratePcm x86_64 /tmp/luna-ios-text-receipt-build-ZsbJQ5/derived-data/ModuleCache.noindex/SwiftShims-DF9X7S8I5YQTJFTUAKF4I8GNH.pcm

SwiftExplicitDependencyGeneratePcm x86_64 /tmp/luna-ios-text-receipt-build-ZsbJQ5/derived-data/ModuleCache.noindex/_Builtin_stdarg-9Z5QMSL9GKAU7Z1A2BA613CY7.pcm

SwiftExplicitDependencyGeneratePcm x86_64 /tmp/luna-ios-text-receipt-build-ZsbJQ5/derived-data/ModuleCache.noindex/_Builtin_limits-CL5EYQTMC3N4QIBF6JHC3FTQW.pcm

SwiftExplicitDependencyGeneratePcm arm64 /tmp/luna-ios-text-receipt-build-ZsbJQ5/derived-data/ModuleCache.noindex/SwiftShims-6OKC1R9RQHJAN9ZSB9G9W0K6Q.pcm

SwiftExplicitDependencyGeneratePcm arm64 /tmp/luna-ios-text-receipt-build-ZsbJQ5/derived-data/ModuleCache.noindex/_Builtin_limits-C9PY1B1AGEXIZDK4NVGN2JT5I.pcm

SwiftExplicitDependencyGeneratePcm arm64 /tmp/luna-ios-text-receipt-build-ZsbJQ5/derived-data/ModuleCache.noindex/_Builtin_stdarg-8GWAT9GD0WW52AC9VGYV8G9L7.pcm

SwiftExplicitDependencyGeneratePcm x86_64 /tmp/luna-ios-text-receipt-build-ZsbJQ5/derived-data/ModuleCache.noindex/ptrauth-2E7NILPP2B8WLYV830F1CBK8Z.pcm

SwiftExplicitDependencyGeneratePcm arm64 /tmp/luna-ios-text-receipt-build-ZsbJQ5/derived-data/ModuleCache.noindex/ptrauth-7PTB8MBSGUETDDA0ZNHU8NWWG.pcm

SwiftExplicitDependencyGeneratePcm arm64 /tmp/luna-ios-text-receipt-build-ZsbJQ5/derived-data/ModuleCache.noindex/_DarwinFoundation2-4UZG24TGVHL8RN89F4JR6FO9Y.pcm

SwiftExplicitDependencyGeneratePcm x86_64 /tmp/luna-ios-text-receipt-build-ZsbJQ5/derived-data/ModuleCache.noindex/_DarwinFoundation2-56B8OB0KYOXQPUGHDW9ZG8PUB.pcm

SwiftExplicitDependencyGeneratePcm x86_64 /tmp/luna-ios-text-receipt-build-ZsbJQ5/derived-data/ModuleCache.noindex/DeveloperToolsSupport-F2BX82GPWUQ15V68S12P26CSQ.pcm

SwiftExplicitDependencyGeneratePcm arm64 /tmp/luna-ios-text-receipt-build-ZsbJQ5/derived-data/ModuleCache.noindex/_Builtin_tgmath-14WPYGG65IQNZIRQZOTKEXJNI.pcm

SwiftExplicitDependencyGeneratePcm x86_64 /tmp/luna-ios-text-receipt-build-ZsbJQ5/derived-data/ModuleCache.noindex/sys_types-6CIT3VVOQGDD7NGXJP0WRPZZX.pcm

SwiftExplicitDependencyGeneratePcm arm64 /tmp/luna-ios-text-receipt-build-ZsbJQ5/derived-data/ModuleCache.noindex/_Builtin_stdint-6I68YAGN4ZXMPSOFUTPQEZRY7.pcm

SwiftExplicitDependencyGeneratePcm arm64 /tmp/luna-ios-text-receipt-build-ZsbJQ5/derived-data/ModuleCache.noindex/sys_types-2HV5EYW605I9OI13FJP2W7GPA.pcm

SwiftExplicitDependencyGeneratePcm x86_64 /tmp/luna-ios-text-receipt-build-ZsbJQ5/derived-data/ModuleCache.noindex/_Builtin_stdint-EKALAFQPZIVDBCGH4Q4Y4H8AH.pcm

SwiftExplicitDependencyGeneratePcm arm64 /tmp/luna-ios-text-receipt-build-ZsbJQ5/derived-data/ModuleCache.noindex/_DarwinFoundation3-6VA87Q4RX03H6D2VSO6QXDGBP.pcm

SwiftExplicitDependencyGeneratePcm arm64 /tmp/luna-ios-text-receipt-build-ZsbJQ5/derived-data/ModuleCache.noindex/_Builtin_intrinsics-17O7NHFO84BH7T9OKRCELO2KM.pcm

SwiftExplicitDependencyGeneratePcm x86_64 /tmp/luna-ios-text-receipt-build-ZsbJQ5/derived-data/ModuleCache.noindex/_Builtin_stdatomic-95RR8RQJ8YOX3313L3GI8BNIE.pcm

SwiftExplicitDependencyGeneratePcm x86_64 /tmp/luna-ios-text-receipt-build-ZsbJQ5/derived-data/ModuleCache.noindex/_DarwinFoundation3-5CC19ANN5KI4L5QRDZ3HELJFA.pcm

SwiftExplicitDependencyGeneratePcm arm64 /tmp/luna-ios-text-receipt-build-ZsbJQ5/derived-data/ModuleCache.noindex/_Builtin_inttypes-4V49OLGYDGZK2EYNXG6NB9KVZ.pcm

SwiftExplicitDependencyGeneratePcm x86_64 /tmp/luna-ios-text-receipt-build-ZsbJQ5/derived-data/ModuleCache.noindex/_Builtin_intrinsics-4XV4RDR7M98BYEATA9SS3035S.pcm

SwiftExplicitDependencyGeneratePcm x86_64 /tmp/luna-ios-text-receipt-build-ZsbJQ5/derived-data/ModuleCache.noindex/_Builtin_inttypes-ELAS77TCJ4F8790BQPF2N4M4C.pcm

SwiftExplicitDependencyGeneratePcm arm64 /tmp/luna-ios-text-receipt-build-ZsbJQ5/derived-data/ModuleCache.noindex/Darwin-A46M716HVQDC5F01F7WUEP05E.pcm

SwiftExplicitDependencyGeneratePcm x86_64 /tmp/luna-ios-text-receipt-build-ZsbJQ5/derived-data/ModuleCache.noindex/Darwin-471VHXPAG7QST0G026JR2NCUA.pcm

SwiftExplicitDependencyGeneratePcm arm64 /tmp/luna-ios-text-receipt-build-ZsbJQ5/derived-data/ModuleCache.noindex/simd-7XZ797564WYX649214HQ34WY5.pcm

SwiftExplicitDependencyGeneratePcm arm64 /tmp/luna-ios-text-receipt-build-ZsbJQ5/derived-data/ModuleCache.noindex/ObjectiveC-5MO0P1DLQIQZHKJMG43GSK1MA.pcm

SwiftExplicitDependencyGeneratePcm x86_64 /tmp/luna-ios-text-receipt-build-ZsbJQ5/derived-data/ModuleCache.noindex/MachO-9XYEDTA2Q2FUQ5LX1L23LCFQN.pcm

SwiftExplicitDependencyGeneratePcm arm64 /tmp/luna-ios-text-receipt-build-ZsbJQ5/derived-data/ModuleCache.noindex/MachO-4SIRTMRUEVRCM7SYXWW46BYWF.pcm

SwiftExplicitDependencyGeneratePcm arm64 /tmp/luna-ios-text-receipt-build-ZsbJQ5/derived-data/ModuleCache.noindex/os_object-BEY859DVBIIEAVTHC00VLGVLL.pcm

SwiftExplicitDependencyGeneratePcm arm64 /tmp/luna-ios-text-receipt-build-ZsbJQ5/derived-data/ModuleCache.noindex/Spatial-9RTIC4JLHD7JMU05OYLLZLNO3.pcm

SwiftExplicitDependencyGeneratePcm x86_64 /tmp/luna-ios-text-receipt-build-ZsbJQ5/derived-data/ModuleCache.noindex/ObjectiveC-7QCV8QLDHC3JTJHOWTSD3NJ7A.pcm

SwiftExplicitDependencyGeneratePcm arm64 /tmp/luna-ios-text-receipt-build-ZsbJQ5/derived-data/ModuleCache.noindex/os_workgroup-EG5SF2CFCG7IYIFTVBTJLZXWQ.pcm

SwiftExplicitDependencyGeneratePcm x86_64 /tmp/luna-ios-text-receipt-build-ZsbJQ5/derived-data/ModuleCache.noindex/os_object-4R90MCTM8YL36NS58M3SAM0C0.pcm

SwiftExplicitDependencyGeneratePcm arm64 /tmp/luna-ios-text-receipt-build-ZsbJQ5/derived-data/ModuleCache.noindex/Dispatch-8UBLA1QL8RX1DIWLCK0Z7HZDV.pcm

SwiftExplicitDependencyGeneratePcm x86_64 /tmp/luna-ios-text-receipt-build-ZsbJQ5/derived-data/ModuleCache.noindex/os_workgroup-A2N0QL757U9O248CPWAGS0DEH.pcm

SwiftExplicitDependencyGeneratePcm x86_64 /tmp/luna-ios-text-receipt-build-ZsbJQ5/derived-data/ModuleCache.noindex/_Builtin_tgmath-24HLYBKND8D4EVPP6QZ3QWTBG.pcm

SwiftExplicitDependencyGeneratePcm x86_64 /tmp/luna-ios-text-receipt-build-ZsbJQ5/derived-data/ModuleCache.noindex/Dispatch-1WH1KM8V8HAY364LW73DMGQ2M.pcm

SwiftExplicitDependencyGeneratePcm arm64 /tmp/luna-ios-text-receipt-build-ZsbJQ5/derived-data/ModuleCache.noindex/XPC-9ZVD0OW4XPWABN6AFVDSJZNL.pcm

SwiftExplicitDependencyGeneratePcm x86_64 /tmp/luna-ios-text-receipt-build-ZsbJQ5/derived-data/ModuleCache.noindex/simd-S7GQAV866RPVHMT3QZZSNHKJ.pcm

SwiftExplicitDependencyGeneratePcm x86_64 /tmp/luna-ios-text-receipt-build-ZsbJQ5/derived-data/ModuleCache.noindex/XPC-AK1375B5D83FT7LI70ZPUSPWG.pcm

SwiftExplicitDependencyGeneratePcm x86_64 /tmp/luna-ios-text-receipt-build-ZsbJQ5/derived-data/ModuleCache.noindex/CoreFoundation-9MW331XO0UYTPRVZKC85ZV1HM.pcm

SwiftExplicitDependencyGeneratePcm x86_64 /tmp/luna-ios-text-receipt-build-ZsbJQ5/derived-data/ModuleCache.noindex/os-ETSA50LV6G1DTMOHG9KTR08DU.pcm

SwiftExplicitDependencyGeneratePcm x86_64 /tmp/luna-ios-text-receipt-build-ZsbJQ5/derived-data/ModuleCache.noindex/Security-33IQSR0R5FHUOW8DIJG0O7N5Q.pcm

SwiftExplicitDependencyGeneratePcm x86_64 /tmp/luna-ios-text-receipt-build-ZsbJQ5/derived-data/ModuleCache.noindex/CFNetwork-CH6Z9BCXU0ZA9P48MBVKXDGIL.pcm

SwiftExplicitDependencyGeneratePcm x86_64 /tmp/luna-ios-text-receipt-build-ZsbJQ5/derived-data/ModuleCache.noindex/CoreGraphics-1Z7KEKNRK9MG0KAGXTLSJWI71.pcm

SwiftExplicitDependencyGeneratePcm x86_64 /tmp/luna-ios-text-receipt-build-ZsbJQ5/derived-data/ModuleCache.noindex/Spatial-G353MKSCV490DJ8YH0SAKLN.pcm

SwiftExplicitDependencyGeneratePcm x86_64 /tmp/luna-ios-text-receipt-build-ZsbJQ5/derived-data/ModuleCache.noindex/Foundation-6ZVL4I55VS1ZAO2BTWK39TYKX.pcm

SwiftExplicitDependencyGeneratePcm x86_64 /tmp/luna-ios-text-receipt-build-ZsbJQ5/derived-data/ModuleCache.noindex/ImageIO-3O6R1XLPBGPLHPPZ87EZTO5PM.pcm

SwiftExplicitDependencyGeneratePcm x86_64 /tmp/luna-ios-text-receipt-build-ZsbJQ5/derived-data/ModuleCache.noindex/CoreText-66M5KH6GDOMT6NX0T675OTRIY.pcm

SwiftExplicitDependencyGeneratePcm arm64 /tmp/luna-ios-text-receipt-build-ZsbJQ5/derived-data/ModuleCache.noindex/CoreFoundation-BLCSWHKCJOT49BL2KXPQ7Y66X.pcm

SwiftExplicitDependencyGeneratePcm x86_64 /tmp/luna-ios-text-receipt-build-ZsbJQ5/derived-data/ModuleCache.noindex/OpenGLES-85WJ3EMVB1XF59MZ13ROPJ6CQ.pcm

SwiftExplicitDependencyGeneratePcm x86_64 /tmp/luna-ios-text-receipt-build-ZsbJQ5/derived-data/ModuleCache.noindex/Symbols-4VNBCGXJ4UWICCHBY24VC7U6F.pcm

SwiftExplicitDependencyGeneratePcm x86_64 /tmp/luna-ios-text-receipt-build-ZsbJQ5/derived-data/ModuleCache.noindex/UserNotifications-3OGXPJ4A0CKS8K63389DFRRPR.pcm

SwiftExplicitDependencyGeneratePcm arm64 /tmp/luna-ios-text-receipt-build-ZsbJQ5/derived-data/ModuleCache.noindex/Security-4SJSDJAFWE0B6IR51RH9THU64.pcm

SwiftExplicitDependencyGeneratePcm arm64 /tmp/luna-ios-text-receipt-build-ZsbJQ5/derived-data/ModuleCache.noindex/CFNetwork-10A96Z1XDAS0X4DN6F5WEKCUH.pcm

SwiftExplicitDependencyGeneratePcm x86_64 /tmp/luna-ios-text-receipt-build-ZsbJQ5/derived-data/ModuleCache.noindex/UIUtilities-5Q7E8IS9RDKQNZJRAFHSRISHE.pcm

SwiftExplicitDependencyGeneratePcm x86_64 /tmp/luna-ios-text-receipt-build-ZsbJQ5/derived-data/ModuleCache.noindex/CoreData-E5Q4WE6JUPI0335YIVABF0MCC.pcm

SwiftExplicitDependencyGeneratePcm arm64 /tmp/luna-ios-text-receipt-build-ZsbJQ5/derived-data/ModuleCache.noindex/Foundation-491HI6T7UOS8IMDDUF9FNU7OI.pcm

SwiftExplicitDependencyGeneratePcm x86_64 /tmp/luna-ios-text-receipt-build-ZsbJQ5/derived-data/ModuleCache.noindex/IOSurface-DT7FSUD2ZC00JQXTWKYNSR9V4.pcm

SwiftExplicitDependencyGeneratePcm x86_64 /tmp/luna-ios-text-receipt-build-ZsbJQ5/derived-data/ModuleCache.noindex/UniformTypeIdentifiers-EWMKKR92QQC9LFY38TK1QUHY1.pcm

SwiftExplicitDependencyGeneratePcm x86_64 /tmp/luna-ios-text-receipt-build-ZsbJQ5/derived-data/ModuleCache.noindex/OSLog-E0NMEPSFVHV8ZRSRZ6OT8MCD6.pcm

SwiftExplicitDependencyGeneratePcm arm64 /tmp/luna-ios-text-receipt-build-ZsbJQ5/derived-data/ModuleCache.noindex/CoreGraphics-7GJ06MXNR1IDDTU9CR47823V.pcm

SwiftExplicitDependencyGeneratePcm x86_64 /tmp/luna-ios-text-receipt-build-ZsbJQ5/derived-data/ModuleCache.noindex/DataDetection-BCNVAGPQMGSPQ1XGC8N1R37BA.pcm

SwiftExplicitDependencyGeneratePcm arm64 /tmp/luna-ios-text-receipt-build-ZsbJQ5/derived-data/ModuleCache.noindex/CoreTransferable-9GWVC2KMCHQ0TXFXM3OWLTA8I.pcm

SwiftExplicitDependencyGeneratePcm arm64 /tmp/luna-ios-text-receipt-build-ZsbJQ5/derived-data/ModuleCache.noindex/UniformTypeIdentifiers-1PGVS3326WQHC9XQGHCFI1T7.pcm

SwiftExplicitDependencyGeneratePcm arm64 /tmp/luna-ios-text-receipt-build-ZsbJQ5/derived-data/ModuleCache.noindex/Accessibility-1JUF4THI04TZAV0MYALZKKN3B.pcm

SwiftExplicitDependencyGeneratePcm arm64 /tmp/luna-ios-text-receipt-build-ZsbJQ5/derived-data/ModuleCache.noindex/CoreText-5UZZS4O5X8PWOVGWXO89K8RYL.pcm

SwiftExplicitDependencyGeneratePcm arm64 /tmp/luna-ios-text-receipt-build-ZsbJQ5/derived-data/ModuleCache.noindex/IOSurface-ANNY3I9RRFZRTTTTMMKHWNJRE.pcm

SwiftExplicitDependencyGeneratePcm arm64 /tmp/luna-ios-text-receipt-build-ZsbJQ5/derived-data/ModuleCache.noindex/OpenGLES-A938HPMVKPH364W0WHNE2P39U.pcm

SwiftExplicitDependencyGeneratePcm arm64 /tmp/luna-ios-text-receipt-build-ZsbJQ5/derived-data/ModuleCache.noindex/UIUtilities-EHJTL6U12S081Q10XCT7FHVB6.pcm

SwiftExplicitDependencyGeneratePcm arm64 /tmp/luna-ios-text-receipt-build-ZsbJQ5/derived-data/ModuleCache.noindex/Metal-7O2FVUGHJ8NUEJM1CYILWVAR6.pcm

SwiftExplicitDependencyGeneratePcm x86_64 /tmp/luna-ios-text-receipt-build-ZsbJQ5/derived-data/ModuleCache.noindex/Metal-9BLF5M8FWI6LG4L6UY8EUR13G.pcm

SwiftExplicitDependencyGeneratePcm arm64 /tmp/luna-ios-text-receipt-build-ZsbJQ5/derived-data/ModuleCache.noindex/UserNotifications-3TJKU7DM562EXC33WVC0WFX3.pcm

SwiftExplicitDependencyGeneratePcm arm64 /tmp/luna-ios-text-receipt-build-ZsbJQ5/derived-data/ModuleCache.noindex/CoreVideo-F38YDOBADAHZN1CYAOZG8EE4S.pcm

SwiftExplicitDependencyGeneratePcm x86_64 /tmp/luna-ios-text-receipt-build-ZsbJQ5/derived-data/ModuleCache.noindex/CoreVideo-A91EKKGDROUAB9YGMJ7QKVP5R.pcm

SwiftExplicitDependencyGeneratePcm x86_64 /tmp/luna-ios-text-receipt-build-ZsbJQ5/derived-data/ModuleCache.noindex/CoreTransferable-BOMI5UU3FVRS4ENQF6FNCJLBZ.pcm

SwiftExplicitDependencyGeneratePcm arm64 /tmp/luna-ios-text-receipt-build-ZsbJQ5/derived-data/ModuleCache.noindex/QuartzCore-A02FTJKRQG4IJRDZAXZ78F2GH.pcm

SwiftExplicitDependencyGeneratePcm arm64 /tmp/luna-ios-text-receipt-build-ZsbJQ5/derived-data/ModuleCache.noindex/CoreData-7NCPMGB8D32JZ44IO4E8G48B6.pcm

SwiftExplicitDependencyGeneratePcm x86_64 /tmp/luna-ios-text-receipt-build-ZsbJQ5/derived-data/ModuleCache.noindex/CoreImage-A8973I5MYQA4QMNFG63ZIX22P.pcm

SwiftExplicitDependencyGeneratePcm x86_64 /tmp/luna-ios-text-receipt-build-ZsbJQ5/derived-data/ModuleCache.noindex/QuartzCore-B9CVCMFD6NQDS03THGS5USG61.pcm

SwiftExplicitDependencyGeneratePcm arm64 /tmp/luna-ios-text-receipt-build-ZsbJQ5/derived-data/ModuleCache.noindex/SwiftUICore-ALEADBNDGENC3OAUK68LKHX5Z.pcm

SwiftExplicitDependencyGeneratePcm x86_64 /tmp/luna-ios-text-receipt-build-ZsbJQ5/derived-data/ModuleCache.noindex/SwiftUICore-7RJY14NZ2QZQOSV6VYXHNQJ0S.pcm

SwiftExplicitDependencyGeneratePcm arm64 /tmp/luna-ios-text-receipt-build-ZsbJQ5/derived-data/ModuleCache.noindex/Symbols-7MVHQYH3YRSNAPL2JK1DV4ZER.pcm

SwiftExplicitDependencyGeneratePcm x86_64 /tmp/luna-ios-text-receipt-build-ZsbJQ5/derived-data/ModuleCache.noindex/FileProvider-AFCV4WQX1IODXKDBR3SPHVX1Q.pcm

SwiftExplicitDependencyGeneratePcm arm64 /tmp/luna-ios-text-receipt-build-ZsbJQ5/derived-data/ModuleCache.noindex/FileProvider-1QJW8IXWZJV6IH3JWW2RQ3GA2.pcm

SwiftExplicitDependencyGeneratePcm arm64 /tmp/luna-ios-text-receipt-build-ZsbJQ5/derived-data/ModuleCache.noindex/ImageIO-9YFNC75JC8PSQ61B8GOPNCWUE.pcm

SwiftExplicitDependencyGeneratePcm x86_64 /tmp/luna-ios-text-receipt-build-ZsbJQ5/derived-data/ModuleCache.noindex/UIKit-6HWXGZS6SRVFWT73A4RAXT334.pcm

SwiftExplicitDependencyGeneratePcm arm64 /tmp/luna-ios-text-receipt-build-ZsbJQ5/derived-data/ModuleCache.noindex/_Builtin_stdatomic-91IIS92YF96BKS33KII3MU4VN.pcm

SwiftExplicitDependencyGeneratePcm arm64 /tmp/luna-ios-text-receipt-build-ZsbJQ5/derived-data/ModuleCache.noindex/CoreImage-5WYO5W86B3ZF991LIODEL4OQS.pcm

SwiftExplicitDependencyGeneratePcm arm64 /tmp/luna-ios-text-receipt-build-ZsbJQ5/derived-data/ModuleCache.noindex/os-5427PCN1DTPA989819N0YFNKS.pcm

SwiftExplicitDependencyGeneratePcm arm64 /tmp/luna-ios-text-receipt-build-ZsbJQ5/derived-data/ModuleCache.noindex/UIKit-2IQYFB5BP6415NQYTNP3H3L8.pcm

SwiftExplicitDependencyGeneratePcm arm64 /tmp/luna-ios-text-receipt-build-ZsbJQ5/derived-data/ModuleCache.noindex/OSLog-CROUTCN8XSQOZ5FTBLF0RSREE.pcm

SwiftExplicitDependencyGeneratePcm x86_64 /tmp/luna-ios-text-receipt-build-ZsbJQ5/derived-data/ModuleCache.noindex/SwiftUI-1Y9CS4TMWWRF4PJU5RHRTNFVW.pcm

SwiftExplicitDependencyGeneratePcm x86_64 /tmp/luna-ios-text-receipt-build-ZsbJQ5/derived-data/ModuleCache.noindex/Accessibility-3GX9S09IZJZG89J1TE0X0TOPV.pcm

SwiftExplicitDependencyGeneratePcm arm64 /tmp/luna-ios-text-receipt-build-ZsbJQ5/derived-data/ModuleCache.noindex/DataDetection-TXFC85CW5C5C08DMU220JYEF.pcm

SwiftEmitModule normal x86_64 Emitting\ module\ for\ CanvasTextReceiptEvidence (in target 'CanvasTextReceiptEvidence' from project 'CanvasTextReceiptEvidence')

EmitSwiftModule normal x86_64 (in target 'CanvasTextReceiptEvidence' from project 'CanvasTextReceiptEvidence')
    cd /tmp/luna-ios-text-receipt-build-ZsbJQ5/project-parent/luna-ios-text-receipt-20260907
    

SwiftCompile normal x86_64 Compiling\ LunaIOSFullUnderline.swift /tmp/luna-ios-text-receipt-build-ZsbJQ5/project-parent/luna-ios-text-receipt-20260907/swift/Sources/CanvasTextReceipt/LunaIOSFullUnderline.swift (in target 'CanvasTextReceiptEvidence' from project 'CanvasTextReceiptEvidence')
SwiftCompile normal x86_64 /tmp/luna-ios-text-receipt-build-ZsbJQ5/project-parent/luna-ios-text-receipt-20260907/swift/Sources/CanvasTextReceipt/LunaIOSFullUnderline.swift (in target 'CanvasTextReceiptEvidence' from project 'CanvasTextReceiptEvidence')
    cd /tmp/luna-ios-text-receipt-build-ZsbJQ5/project-parent/luna-ios-text-receipt-20260907
    

SwiftExplicitDependencyGeneratePcm arm64 /tmp/luna-ios-text-receipt-build-ZsbJQ5/derived-data/ModuleCache.noindex/SwiftUI-CGHN2DNYVQFPGDF67CRFCEKKN.pcm

SwiftDriverJobDiscovery normal x86_64 Emitting module for CanvasTextReceiptEvidence (in target 'CanvasTextReceiptEvidence' from project 'CanvasTextReceiptEvidence')

SwiftDriver\ Compilation\ Requirements CanvasTextReceiptEvidence normal x86_64 com.apple.xcode.tools.swift.compiler (in target 'CanvasTextReceiptEvidence' from project 'CanvasTextReceiptEvidence')
    cd /tmp/luna-ios-text-receipt-build-ZsbJQ5/project-parent/luna-ios-text-receipt-20260907
    builtin-Swift-Compilation-Requirements -- /Applications/Xcode.app/Contents/Developer/Toolchains/XcodeDefault.xctoolchain/usr/bin/swiftc -module-name CanvasTextReceiptEvidence -Onone -enforce-exclusivity\=checked @/tmp/luna-ios-text-receipt-build-ZsbJQ5/derived-data/Build/Intermediates.noindex/CanvasTextReceiptEvidence.build/Debug-iphonesimulator/CanvasTextReceiptEvidence.build/Objects-normal/x86_64/CanvasTextReceiptEvidence.SwiftFileList -DDEBUG -enable-experimental-feature DebugDescriptionMacro -sdk /Applications/Xcode.app/Contents/Developer/Platforms/iPhoneSimulator.platform/Developer/SDKs/iPhoneSimulator26.2.sdk -target x86_64-apple-ios16.0-simulator -g -module-cache-path /tmp/luna-ios-text-receipt-build-ZsbJQ5/derived-data/ModuleCache.noindex -Xfrontend -serialize-debugging-options -enable-testing -index-store-path /tmp/luna-ios-text-receipt-build-ZsbJQ5/derived-data/Index.noindex/DataStore -Xcc -D_LIBCPP_HARDENING_MODE\=_LIBCPP_HARDENING_MODE_DEBUG -swift-version 6 -I /tmp/luna-ios-text-receipt-build-ZsbJQ5/derived-data/Build/Products/Debug-iphonesimulator -F /tmp/luna-ios-text-receipt-build-ZsbJQ5/derived-data/Build/Products/Debug-iphonesimulator -c -j10 -enable-batch-mode -incremental -Xcc -ivfsstatcache -Xcc /tmp/luna-ios-text-receipt-build-ZsbJQ5/derived-data/SDKStatCaches.noindex/iphonesimulator26.2-23C53-dc75598d0054f22ec865fa860f139d727d00a8b37fbd7999ea79df8ebc024bf0.sdkstatcache -output-file-map /tmp/luna-ios-text-receipt-build-ZsbJQ5/derived-data/Build/Intermediates.noindex/CanvasTextReceiptEvidence.build/Debug-iphonesimulator/CanvasTextReceiptEvidence.build/Objects-normal/x86_64/CanvasTextReceiptEvidence-OutputFileMap.json -use-frontend-parseable-output -save-temps -no-color-diagnostics -explicit-module-build -module-cache-path /tmp/luna-ios-text-receipt-build-ZsbJQ5/derived-data/Build/Intermediates.noindex/SwiftExplicitPrecompiledModules -clang-scanner-module-cache-path /tmp/luna-ios-text-receipt-build-ZsbJQ5/derived-data/ModuleCache.noindex -sdk-module-cache-path /tmp/luna-ios-text-receipt-build-ZsbJQ5/derived-data/ModuleCache.noindex -serialize-diagnostics -emit-dependencies -emit-module -emit-module-path /tmp/luna-ios-text-receipt-build-ZsbJQ5/derived-data/Build/Intermediates.noindex/CanvasTextReceiptEvidence.build/Debug-iphonesimulator/CanvasTextReceiptEvidence.build/Objects-normal/x86_64/CanvasTextReceiptEvidence.swiftmodule -validate-clang-modules-once -clang-build-session-file /tmp/luna-ios-text-receipt-build-ZsbJQ5/derived-data/ModuleCache.noindex/Session.modulevalidation -Xcc -I/tmp/luna-ios-text-receipt-build-ZsbJQ5/derived-data/Build/Intermediates.noindex/CanvasTextReceiptEvidence.build/Debug-iphonesimulator/CanvasTextReceiptEvidence.build/swift-overrides.hmap -emit-const-values -Xfrontend -const-gather-protocols-file -Xfrontend /tmp/luna-ios-text-receipt-build-ZsbJQ5/derived-data/Build/Intermediates.noindex/CanvasTextReceiptEvidence.build/Debug-iphonesimulator/CanvasTextReceiptEvidence.build/Objects-normal/x86_64/CanvasTextReceiptEvidence_const_extract_protocols.json -Xcc -iquote -Xcc /tmp/luna-ios-text-receipt-build-ZsbJQ5/derived-data/Build/Intermediates.noindex/CanvasTextReceiptEvidence.build/Debug-iphonesimulator/CanvasTextReceiptEvidence.build/CanvasTextReceiptEvidence-generated-files.hmap -Xcc -I/tmp/luna-ios-text-receipt-build-ZsbJQ5/derived-data/Build/Intermediates.noindex/CanvasTextReceiptEvidence.build/Debug-iphonesimulator/CanvasTextReceiptEvidence.build/CanvasTextReceiptEvidence-own-target-headers.hmap -Xcc -I/tmp/luna-ios-text-receipt-build-ZsbJQ5/derived-data/Build/Intermediates.noindex/CanvasTextReceiptEvidence.build/Debug-iphonesimulator/CanvasTextReceiptEvidence.build/CanvasTextReceiptEvidence-all-target-headers.hmap -Xcc -iquote -Xcc /tmp/luna-ios-text-receipt-build-ZsbJQ5/derived-data/Build/Intermediates.noindex/CanvasTextReceiptEvidence.build/Debug-iphonesimulator/CanvasTextReceiptEvidence.build/CanvasTextReceiptEvidence-project-headers.hmap -Xcc -I/tmp/luna-ios-text-receipt-build-ZsbJQ5/derived-data/Build/Products/Debug-iphonesimulator/include -Xcc -I/tmp/luna-ios-text-receipt-build-ZsbJQ5/derived-data/Build/Intermediates.noindex/CanvasTextReceiptEvidence.build/Debug-iphonesimulator/CanvasTextReceiptEvidence.build/DerivedSources-normal/x86_64 -Xcc -I/tmp/luna-ios-text-receipt-build-ZsbJQ5/derived-data/Build/Intermediates.noindex/CanvasTextReceiptEvidence.build/Debug-iphonesimulator/CanvasTextReceiptEvidence.build/DerivedSources/x86_64 -Xcc -I/tmp/luna-ios-text-receipt-build-ZsbJQ5/derived-data/Build/Intermediates.noindex/CanvasTextReceiptEvidence.build/Debug-iphonesimulator/CanvasTextReceiptEvidence.build/DerivedSources -Xcc -DDEBUG\=1 -emit-objc-header -emit-objc-header-path /tmp/luna-ios-text-receipt-build-ZsbJQ5/derived-data/Build/Intermediates.noindex/CanvasTextReceiptEvidence.build/Debug-iphonesimulator/CanvasTextReceiptEvidence.build/Objects-normal/x86_64/CanvasTextReceiptEvidence-Swift.h -working-directory /tmp/luna-ios-text-receipt-build-ZsbJQ5/project-parent/luna-ios-text-receipt-20260907 -experimental-emit-module-separately -disable-cmo

SwiftEmitModule normal arm64 Emitting\ module\ for\ CanvasTextReceiptEvidence (in target 'CanvasTextReceiptEvidence' from project 'CanvasTextReceiptEvidence')

EmitSwiftModule normal arm64 (in target 'CanvasTextReceiptEvidence' from project 'CanvasTextReceiptEvidence')
    cd /tmp/luna-ios-text-receipt-build-ZsbJQ5/project-parent/luna-ios-text-receipt-20260907
    

SwiftDriverJobDiscovery normal arm64 Emitting module for CanvasTextReceiptEvidence (in target 'CanvasTextReceiptEvidence' from project 'CanvasTextReceiptEvidence')

Copy /tmp/luna-ios-text-receipt-build-ZsbJQ5/derived-data/Build/Products/Debug-iphonesimulator/CanvasTextReceiptEvidence.swiftmodule/x86_64-apple-ios-simulator.swiftmodule /tmp/luna-ios-text-receipt-build-ZsbJQ5/derived-data/Build/Intermediates.noindex/CanvasTextReceiptEvidence.build/Debug-iphonesimulator/CanvasTextReceiptEvidence.build/Objects-normal/x86_64/CanvasTextReceiptEvidence.swiftmodule (in target 'CanvasTextReceiptEvidence' from project 'CanvasTextReceiptEvidence')
    cd /tmp/luna-ios-text-receipt-build-ZsbJQ5/project-parent/luna-ios-text-receipt-20260907
    builtin-copy -exclude .DS_Store -exclude CVS -exclude .svn -exclude .git -exclude .hg -resolve-src-symlinks -rename /tmp/luna-ios-text-receipt-build-ZsbJQ5/derived-data/Build/Intermediates.noindex/CanvasTextReceiptEvidence.build/Debug-iphonesimulator/CanvasTextReceiptEvidence.build/Objects-normal/x86_64/CanvasTextReceiptEvidence.swiftmodule /tmp/luna-ios-text-receipt-build-ZsbJQ5/derived-data/Build/Products/Debug-iphonesimulator/CanvasTextReceiptEvidence.swiftmodule/x86_64-apple-ios-simulator.swiftmodule

SwiftDriver\ Compilation\ Requirements CanvasTextReceiptEvidence normal arm64 com.apple.xcode.tools.swift.compiler (in target 'CanvasTextReceiptEvidence' from project 'CanvasTextReceiptEvidence')
    cd /tmp/luna-ios-text-receipt-build-ZsbJQ5/project-parent/luna-ios-text-receipt-20260907
    builtin-Swift-Compilation-Requirements -- /Applications/Xcode.app/Contents/Developer/Toolchains/XcodeDefault.xctoolchain/usr/bin/swiftc -module-name CanvasTextReceiptEvidence -Onone -enforce-exclusivity\=checked @/tmp/luna-ios-text-receipt-build-ZsbJQ5/derived-data/Build/Intermediates.noindex/CanvasTextReceiptEvidence.build/Debug-iphonesimulator/CanvasTextReceiptEvidence.build/Objects-normal/arm64/CanvasTextReceiptEvidence.SwiftFileList -DDEBUG -enable-experimental-feature DebugDescriptionMacro -sdk /Applications/Xcode.app/Contents/Developer/Platforms/iPhoneSimulator.platform/Developer/SDKs/iPhoneSimulator26.2.sdk -target arm64-apple-ios16.0-simulator -g -module-cache-path /tmp/luna-ios-text-receipt-build-ZsbJQ5/derived-data/ModuleCache.noindex -Xfrontend -serialize-debugging-options -enable-testing -index-store-path /tmp/luna-ios-text-receipt-build-ZsbJQ5/derived-data/Index.noindex/DataStore -Xcc -D_LIBCPP_HARDENING_MODE\=_LIBCPP_HARDENING_MODE_DEBUG -swift-version 6 -I /tmp/luna-ios-text-receipt-build-ZsbJQ5/derived-data/Build/Products/Debug-iphonesimulator -F /tmp/luna-ios-text-receipt-build-ZsbJQ5/derived-data/Build/Products/Debug-iphonesimulator -c -j10 -enable-batch-mode -incremental -Xcc -ivfsstatcache -Xcc /tmp/luna-ios-text-receipt-build-ZsbJQ5/derived-data/SDKStatCaches.noindex/iphonesimulator26.2-23C53-dc75598d0054f22ec865fa860f139d727d00a8b37fbd7999ea79df8ebc024bf0.sdkstatcache -output-file-map /tmp/luna-ios-text-receipt-build-ZsbJQ5/derived-data/Build/Intermediates.noindex/CanvasTextReceiptEvidence.build/Debug-iphonesimulator/CanvasTextReceiptEvidence.build/Objects-normal/arm64/CanvasTextReceiptEvidence-OutputFileMap.json -use-frontend-parseable-output -save-temps -no-color-diagnostics -explicit-module-build -module-cache-path /tmp/luna-ios-text-receipt-build-ZsbJQ5/derived-data/Build/Intermediates.noindex/SwiftExplicitPrecompiledModules -clang-scanner-module-cache-path /tmp/luna-ios-text-receipt-build-ZsbJQ5/derived-data/ModuleCache.noindex -sdk-module-cache-path /tmp/luna-ios-text-receipt-build-ZsbJQ5/derived-data/ModuleCache.noindex -serialize-diagnostics -emit-dependencies -emit-module -emit-module-path /tmp/luna-ios-text-receipt-build-ZsbJQ5/derived-data/Build/Intermediates.noindex/CanvasTextReceiptEvidence.build/Debug-iphonesimulator/CanvasTextReceiptEvidence.build/Objects-normal/arm64/CanvasTextReceiptEvidence.swiftmodule -validate-clang-modules-once -clang-build-session-file /tmp/luna-ios-text-receipt-build-ZsbJQ5/derived-data/ModuleCache.noindex/Session.modulevalidation -Xcc -I/tmp/luna-ios-text-receipt-build-ZsbJQ5/derived-data/Build/Intermediates.noindex/CanvasTextReceiptEvidence.build/Debug-iphonesimulator/CanvasTextReceiptEvidence.build/swift-overrides.hmap -emit-const-values -Xfrontend -const-gather-protocols-file -Xfrontend /tmp/luna-ios-text-receipt-build-ZsbJQ5/derived-data/Build/Intermediates.noindex/CanvasTextReceiptEvidence.build/Debug-iphonesimulator/CanvasTextReceiptEvidence.build/Objects-normal/arm64/CanvasTextReceiptEvidence_const_extract_protocols.json -Xcc -iquote -Xcc /tmp/luna-ios-text-receipt-build-ZsbJQ5/derived-data/Build/Intermediates.noindex/CanvasTextReceiptEvidence.build/Debug-iphonesimulator/CanvasTextReceiptEvidence.build/CanvasTextReceiptEvidence-generated-files.hmap -Xcc -I/tmp/luna-ios-text-receipt-build-ZsbJQ5/derived-data/Build/Intermediates.noindex/CanvasTextReceiptEvidence.build/Debug-iphonesimulator/CanvasTextReceiptEvidence.build/CanvasTextReceiptEvidence-own-target-headers.hmap -Xcc -I/tmp/luna-ios-text-receipt-build-ZsbJQ5/derived-data/Build/Intermediates.noindex/CanvasTextReceiptEvidence.build/Debug-iphonesimulator/CanvasTextReceiptEvidence.build/CanvasTextReceiptEvidence-all-target-headers.hmap -Xcc -iquote -Xcc /tmp/luna-ios-text-receipt-build-ZsbJQ5/derived-data/Build/Intermediates.noindex/CanvasTextReceiptEvidence.build/Debug-iphonesimulator/CanvasTextReceiptEvidence.build/CanvasTextReceiptEvidence-project-headers.hmap -Xcc -I/tmp/luna-ios-text-receipt-build-ZsbJQ5/derived-data/Build/Products/Debug-iphonesimulator/include -Xcc -I/tmp/luna-ios-text-receipt-build-ZsbJQ5/derived-data/Build/Intermediates.noindex/CanvasTextReceiptEvidence.build/Debug-iphonesimulator/CanvasTextReceiptEvidence.build/DerivedSources-normal/arm64 -Xcc -I/tmp/luna-ios-text-receipt-build-ZsbJQ5/derived-data/Build/Intermediates.noindex/CanvasTextReceiptEvidence.build/Debug-iphonesimulator/CanvasTextReceiptEvidence.build/DerivedSources/arm64 -Xcc -I/tmp/luna-ios-text-receipt-build-ZsbJQ5/derived-data/Build/Intermediates.noindex/CanvasTextReceiptEvidence.build/Debug-iphonesimulator/CanvasTextReceiptEvidence.build/DerivedSources -Xcc -DDEBUG\=1 -emit-objc-header -emit-objc-header-path /tmp/luna-ios-text-receipt-build-ZsbJQ5/derived-data/Build/Intermediates.noindex/CanvasTextReceiptEvidence.build/Debug-iphonesimulator/CanvasTextReceiptEvidence.build/Objects-normal/arm64/CanvasTextReceiptEvidence-Swift.h -working-directory /tmp/luna-ios-text-receipt-build-ZsbJQ5/project-parent/luna-ios-text-receipt-20260907 -experimental-emit-module-separately -disable-cmo

Copy /tmp/luna-ios-text-receipt-build-ZsbJQ5/derived-data/Build/Products/Debug-iphonesimulator/CanvasTextReceiptEvidence.swiftmodule/x86_64-apple-ios-simulator.swiftdoc /tmp/luna-ios-text-receipt-build-ZsbJQ5/derived-data/Build/Intermediates.noindex/CanvasTextReceiptEvidence.build/Debug-iphonesimulator/CanvasTextReceiptEvidence.build/Objects-normal/x86_64/CanvasTextReceiptEvidence.swiftdoc (in target 'CanvasTextReceiptEvidence' from project 'CanvasTextReceiptEvidence')
    cd /tmp/luna-ios-text-receipt-build-ZsbJQ5/project-parent/luna-ios-text-receipt-20260907
    builtin-copy -exclude .DS_Store -exclude CVS -exclude .svn -exclude .git -exclude .hg -resolve-src-symlinks -rename /tmp/luna-ios-text-receipt-build-ZsbJQ5/derived-data/Build/Intermediates.noindex/CanvasTextReceiptEvidence.build/Debug-iphonesimulator/CanvasTextReceiptEvidence.build/Objects-normal/x86_64/CanvasTextReceiptEvidence.swiftdoc /tmp/luna-ios-text-receipt-build-ZsbJQ5/derived-data/Build/Products/Debug-iphonesimulator/CanvasTextReceiptEvidence.swiftmodule/x86_64-apple-ios-simulator.swiftdoc

Copy /tmp/luna-ios-text-receipt-build-ZsbJQ5/derived-data/Build/Products/Debug-iphonesimulator/CanvasTextReceiptEvidence.swiftmodule/x86_64-apple-ios-simulator.abi.json /tmp/luna-ios-text-receipt-build-ZsbJQ5/derived-data/Build/Intermediates.noindex/CanvasTextReceiptEvidence.build/Debug-iphonesimulator/CanvasTextReceiptEvidence.build/Objects-normal/x86_64/CanvasTextReceiptEvidence.abi.json (in target 'CanvasTextReceiptEvidence' from project 'CanvasTextReceiptEvidence')
    cd /tmp/luna-ios-text-receipt-build-ZsbJQ5/project-parent/luna-ios-text-receipt-20260907
    builtin-copy -exclude .DS_Store -exclude CVS -exclude .svn -exclude .git -exclude .hg -resolve-src-symlinks -rename /tmp/luna-ios-text-receipt-build-ZsbJQ5/derived-data/Build/Intermediates.noindex/CanvasTextReceiptEvidence.build/Debug-iphonesimulator/CanvasTextReceiptEvidence.build/Objects-normal/x86_64/CanvasTextReceiptEvidence.abi.json /tmp/luna-ios-text-receipt-build-ZsbJQ5/derived-data/Build/Products/Debug-iphonesimulator/CanvasTextReceiptEvidence.swiftmodule/x86_64-apple-ios-simulator.abi.json

Copy /tmp/luna-ios-text-receipt-build-ZsbJQ5/derived-data/Build/Products/Debug-iphonesimulator/CanvasTextReceiptEvidence.swiftmodule/Project/x86_64-apple-ios-simulator.swiftsourceinfo /tmp/luna-ios-text-receipt-build-ZsbJQ5/derived-data/Build/Intermediates.noindex/CanvasTextReceiptEvidence.build/Debug-iphonesimulator/CanvasTextReceiptEvidence.build/Objects-normal/x86_64/CanvasTextReceiptEvidence.swiftsourceinfo (in target 'CanvasTextReceiptEvidence' from project 'CanvasTextReceiptEvidence')
    cd /tmp/luna-ios-text-receipt-build-ZsbJQ5/project-parent/luna-ios-text-receipt-20260907
    builtin-copy -exclude .DS_Store -exclude CVS -exclude .svn -exclude .git -exclude .hg -resolve-src-symlinks -rename /tmp/luna-ios-text-receipt-build-ZsbJQ5/derived-data/Build/Intermediates.noindex/CanvasTextReceiptEvidence.build/Debug-iphonesimulator/CanvasTextReceiptEvidence.build/Objects-normal/x86_64/CanvasTextReceiptEvidence.swiftsourceinfo /tmp/luna-ios-text-receipt-build-ZsbJQ5/derived-data/Build/Products/Debug-iphonesimulator/CanvasTextReceiptEvidence.swiftmodule/Project/x86_64-apple-ios-simulator.swiftsourceinfo

SwiftMergeGeneratedHeaders /tmp/luna-ios-text-receipt-build-ZsbJQ5/derived-data/Build/Intermediates.noindex/CanvasTextReceiptEvidence.build/Debug-iphonesimulator/CanvasTextReceiptEvidence.build/DerivedSources/CanvasTextReceiptEvidence-Swift.h /tmp/luna-ios-text-receipt-build-ZsbJQ5/derived-data/Build/Intermediates.noindex/CanvasTextReceiptEvidence.build/Debug-iphonesimulator/CanvasTextReceiptEvidence.build/Objects-normal/arm64/CanvasTextReceiptEvidence-Swift.h /tmp/luna-ios-text-receipt-build-ZsbJQ5/derived-data/Build/Intermediates.noindex/CanvasTextReceiptEvidence.build/Debug-iphonesimulator/CanvasTextReceiptEvidence.build/Objects-normal/x86_64/CanvasTextReceiptEvidence-Swift.h (in target 'CanvasTextReceiptEvidence' from project 'CanvasTextReceiptEvidence')
    cd /tmp/luna-ios-text-receipt-build-ZsbJQ5/project-parent/luna-ios-text-receipt-20260907
    builtin-swiftHeaderTool -arch arm64 /tmp/luna-ios-text-receipt-build-ZsbJQ5/derived-data/Build/Intermediates.noindex/CanvasTextReceiptEvidence.build/Debug-iphonesimulator/CanvasTextReceiptEvidence.build/Objects-normal/arm64/CanvasTextReceiptEvidence-Swift.h -arch x86_64 /tmp/luna-ios-text-receipt-build-ZsbJQ5/derived-data/Build/Intermediates.noindex/CanvasTextReceiptEvidence.build/Debug-iphonesimulator/CanvasTextReceiptEvidence.build/Objects-normal/x86_64/CanvasTextReceiptEvidence-Swift.h -o /tmp/luna-ios-text-receipt-build-ZsbJQ5/derived-data/Build/Intermediates.noindex/CanvasTextReceiptEvidence.build/Debug-iphonesimulator/CanvasTextReceiptEvidence.build/DerivedSources/CanvasTextReceiptEvidence-Swift.h

Copy /tmp/luna-ios-text-receipt-build-ZsbJQ5/derived-data/Build/Products/Debug-iphonesimulator/CanvasTextReceiptEvidence.swiftmodule/arm64-apple-ios-simulator.swiftmodule /tmp/luna-ios-text-receipt-build-ZsbJQ5/derived-data/Build/Intermediates.noindex/CanvasTextReceiptEvidence.build/Debug-iphonesimulator/CanvasTextReceiptEvidence.build/Objects-normal/arm64/CanvasTextReceiptEvidence.swiftmodule (in target 'CanvasTextReceiptEvidence' from project 'CanvasTextReceiptEvidence')
    cd /tmp/luna-ios-text-receipt-build-ZsbJQ5/project-parent/luna-ios-text-receipt-20260907
    builtin-copy -exclude .DS_Store -exclude CVS -exclude .svn -exclude .git -exclude .hg -resolve-src-symlinks -rename /tmp/luna-ios-text-receipt-build-ZsbJQ5/derived-data/Build/Intermediates.noindex/CanvasTextReceiptEvidence.build/Debug-iphonesimulator/CanvasTextReceiptEvidence.build/Objects-normal/arm64/CanvasTextReceiptEvidence.swiftmodule /tmp/luna-ios-text-receipt-build-ZsbJQ5/derived-data/Build/Products/Debug-iphonesimulator/CanvasTextReceiptEvidence.swiftmodule/arm64-apple-ios-simulator.swiftmodule

Copy /tmp/luna-ios-text-receipt-build-ZsbJQ5/derived-data/Build/Products/Debug-iphonesimulator/CanvasTextReceiptEvidence.swiftmodule/arm64-apple-ios-simulator.swiftdoc /tmp/luna-ios-text-receipt-build-ZsbJQ5/derived-data/Build/Intermediates.noindex/CanvasTextReceiptEvidence.build/Debug-iphonesimulator/CanvasTextReceiptEvidence.build/Objects-normal/arm64/CanvasTextReceiptEvidence.swiftdoc (in target 'CanvasTextReceiptEvidence' from project 'CanvasTextReceiptEvidence')
    cd /tmp/luna-ios-text-receipt-build-ZsbJQ5/project-parent/luna-ios-text-receipt-20260907
    builtin-copy -exclude .DS_Store -exclude CVS -exclude .svn -exclude .git -exclude .hg -resolve-src-symlinks -rename /tmp/luna-ios-text-receipt-build-ZsbJQ5/derived-data/Build/Intermediates.noindex/CanvasTextReceiptEvidence.build/Debug-iphonesimulator/CanvasTextReceiptEvidence.build/Objects-normal/arm64/CanvasTextReceiptEvidence.swiftdoc /tmp/luna-ios-text-receipt-build-ZsbJQ5/derived-data/Build/Products/Debug-iphonesimulator/CanvasTextReceiptEvidence.swiftmodule/arm64-apple-ios-simulator.swiftdoc

Copy /tmp/luna-ios-text-receipt-build-ZsbJQ5/derived-data/Build/Products/Debug-iphonesimulator/CanvasTextReceiptEvidence.swiftmodule/arm64-apple-ios-simulator.abi.json /tmp/luna-ios-text-receipt-build-ZsbJQ5/derived-data/Build/Intermediates.noindex/CanvasTextReceiptEvidence.build/Debug-iphonesimulator/CanvasTextReceiptEvidence.build/Objects-normal/arm64/CanvasTextReceiptEvidence.abi.json (in target 'CanvasTextReceiptEvidence' from project 'CanvasTextReceiptEvidence')
    cd /tmp/luna-ios-text-receipt-build-ZsbJQ5/project-parent/luna-ios-text-receipt-20260907
    builtin-copy -exclude .DS_Store -exclude CVS -exclude .svn -exclude .git -exclude .hg -resolve-src-symlinks -rename /tmp/luna-ios-text-receipt-build-ZsbJQ5/derived-data/Build/Intermediates.noindex/CanvasTextReceiptEvidence.build/Debug-iphonesimulator/CanvasTextReceiptEvidence.build/Objects-normal/arm64/CanvasTextReceiptEvidence.abi.json /tmp/luna-ios-text-receipt-build-ZsbJQ5/derived-data/Build/Products/Debug-iphonesimulator/CanvasTextReceiptEvidence.swiftmodule/arm64-apple-ios-simulator.abi.json

Copy /tmp/luna-ios-text-receipt-build-ZsbJQ5/derived-data/Build/Products/Debug-iphonesimulator/CanvasTextReceiptEvidence.swiftmodule/Project/arm64-apple-ios-simulator.swiftsourceinfo /tmp/luna-ios-text-receipt-build-ZsbJQ5/derived-data/Build/Intermediates.noindex/CanvasTextReceiptEvidence.build/Debug-iphonesimulator/CanvasTextReceiptEvidence.build/Objects-normal/arm64/CanvasTextReceiptEvidence.swiftsourceinfo (in target 'CanvasTextReceiptEvidence' from project 'CanvasTextReceiptEvidence')
    cd /tmp/luna-ios-text-receipt-build-ZsbJQ5/project-parent/luna-ios-text-receipt-20260907
    builtin-copy -exclude .DS_Store -exclude CVS -exclude .svn -exclude .git -exclude .hg -resolve-src-symlinks -rename /tmp/luna-ios-text-receipt-build-ZsbJQ5/derived-data/Build/Intermediates.noindex/CanvasTextReceiptEvidence.build/Debug-iphonesimulator/CanvasTextReceiptEvidence.build/Objects-normal/arm64/CanvasTextReceiptEvidence.swiftsourceinfo /tmp/luna-ios-text-receipt-build-ZsbJQ5/derived-data/Build/Products/Debug-iphonesimulator/CanvasTextReceiptEvidence.swiftmodule/Project/arm64-apple-ios-simulator.swiftsourceinfo

SwiftCompile normal x86_64 Compiling\ LunaIOSFirstSixUnderline.swift /tmp/luna-ios-text-receipt-build-ZsbJQ5/project-parent/luna-ios-text-receipt-20260907/swift/Sources/CanvasTextReceipt/LunaIOSFirstSixUnderline.swift (in target 'CanvasTextReceiptEvidence' from project 'CanvasTextReceiptEvidence')

SwiftCompile normal x86_64 /tmp/luna-ios-text-receipt-build-ZsbJQ5/project-parent/luna-ios-text-receipt-20260907/swift/Sources/CanvasTextReceipt/LunaIOSFirstSixUnderline.swift (in target 'CanvasTextReceiptEvidence' from project 'CanvasTextReceiptEvidence')
    cd /tmp/luna-ios-text-receipt-build-ZsbJQ5/project-parent/luna-ios-text-receipt-20260907
    

SwiftCompile normal arm64 Compiling\ LunaIOSFirstSixUnderline.swift /tmp/luna-ios-text-receipt-build-ZsbJQ5/project-parent/luna-ios-text-receipt-20260907/swift/Sources/CanvasTextReceipt/LunaIOSFirstSixUnderline.swift (in target 'CanvasTextReceiptEvidence' from project 'CanvasTextReceiptEvidence')

SwiftCompile normal arm64 /tmp/luna-ios-text-receipt-build-ZsbJQ5/project-parent/luna-ios-text-receipt-20260907/swift/Sources/CanvasTextReceipt/LunaIOSFirstSixUnderline.swift (in target 'CanvasTextReceiptEvidence' from project 'CanvasTextReceiptEvidence')
    cd /tmp/luna-ios-text-receipt-build-ZsbJQ5/project-parent/luna-ios-text-receipt-20260907
    

SwiftDriverJobDiscovery normal x86_64 Compiling LunaIOSFirstSixUnderline.swift (in target 'CanvasTextReceiptEvidence' from project 'CanvasTextReceiptEvidence')

SwiftCompile normal x86_64 Compiling\ App.swift,\ CanvasFonts.swift /tmp/luna-ios-text-receipt-build-ZsbJQ5/project-parent/luna-ios-text-receipt-20260907/swift/SimulatorHost/App.swift /tmp/luna-ios-text-receipt-build-ZsbJQ5/project-parent/luna-ios-text-receipt-20260907/swift/Sources/CanvasTextReceipt/CanvasFonts.swift (in target 'CanvasTextReceiptEvidence' from project 'CanvasTextReceiptEvidence')

SwiftCompile normal x86_64 /tmp/luna-ios-text-receipt-build-ZsbJQ5/project-parent/luna-ios-text-receipt-20260907/swift/SimulatorHost/App.swift (in target 'CanvasTextReceiptEvidence' from project 'CanvasTextReceiptEvidence')
    cd /tmp/luna-ios-text-receipt-build-ZsbJQ5/project-parent/luna-ios-text-receipt-20260907
    
/tmp/luna-ios-text-receipt-build-ZsbJQ5/project-parent/luna-ios-text-receipt-20260907/swift/SimulatorHost/App.swift:10:36: warning: call to main actor-isolated initializer 'init()' in a synchronous nonisolated context
    case "case-01": return AnyView(LunaIOSUnmarkedRegular())
                                   ^
/tmp/luna-ios-text-receipt-build-ZsbJQ5/project-parent/luna-ios-text-receipt-20260907/swift/Sources/CanvasTextReceipt/LunaIOSUnmarkedRegular.swift:4:10: note: calls to initializer 'init()' from outside of its actor context are implicitly asynchronous
  public init() { CanvasFonts.register() }
         ^
/tmp/luna-ios-text-receipt-build-ZsbJQ5/project-parent/luna-ios-text-receipt-20260907/swift/Sources/CanvasTextReceipt/LunaIOSUnmarkedRegular.swift:4:10: note: main actor isolation inferred from conformance to protocol 'View'
  public init() { CanvasFonts.register() }
         ^
/tmp/luna-ios-text-receipt-build-ZsbJQ5/project-parent/luna-ios-text-receipt-20260907/swift/SimulatorHost/App.swift:8:15: note: add '@MainActor' to make static method 'view(for:)' part of global actor 'MainActor'
  static func view(for caseID: String) -> AnyView {
              ^
  @MainActor 
/tmp/luna-ios-text-receipt-build-ZsbJQ5/project-parent/luna-ios-text-receipt-20260907/swift/SimulatorHost/App.swift:11:36: warning: call to main actor-isolated initializer 'init()' in a synchronous nonisolated context
    case "case-02": return AnyView(LunaIOSFullUnderline())
                                   ^
/tmp/luna-ios-text-receipt-build-ZsbJQ5/project-parent/luna-ios-text-receipt-20260907/swift/Sources/CanvasTextReceipt/LunaIOSFullUnderline.swift:4:10: note: calls to initializer 'init()' from outside of its actor context are implicitly asynchronous
  public init() { CanvasFonts.register() }
         ^
/tmp/luna-ios-text-receipt-build-ZsbJQ5/project-parent/luna-ios-text-receipt-20260907/swift/Sources/CanvasTextReceipt/LunaIOSFullUnderline.swift:4:10: note: main actor isolation inferred from conformance to protocol 'View'
  public init() { CanvasFonts.register() }
         ^
/tmp/luna-ios-text-receipt-build-ZsbJQ5/project-parent/luna-ios-text-receipt-20260907/swift/SimulatorHost/App.swift:8:15: note: add '@MainActor' to make static method 'view(for:)' part of global actor 'MainActor'
  static func view(for caseID: String) -> AnyView {
              ^
  @MainActor 
/tmp/luna-ios-text-receipt-build-ZsbJQ5/project-parent/luna-ios-text-receipt-20260907/swift/SimulatorHost/App.swift:12:36: warning: call to main actor-isolated initializer 'init()' in a synchronous nonisolated context
    case "case-03": return AnyView(LunaIOSFullStrikethrough())
                                   ^
/tmp/luna-ios-text-receipt-build-ZsbJQ5/project-parent/luna-ios-text-receipt-20260907/swift/Sources/CanvasTextReceipt/LunaIOSFullStrikethrough.swift:4:10: note: calls to initializer 'init()' from outside of its actor context are implicitly asynchronous
  public init() { CanvasFonts.register() }
         ^
/tmp/luna-ios-text-receipt-build-ZsbJQ5/project-parent/luna-ios-text-receipt-20260907/swift/Sources/CanvasTextReceipt/LunaIOSFullStrikethrough.swift:4:10: note: main actor isolation inferred from conformance to protocol 'View'
  public init() { CanvasFonts.register() }
         ^
/tmp/luna-ios-text-receipt-build-ZsbJQ5/project-parent/luna-ios-text-receipt-20260907/swift/SimulatorHost/App.swift:8:15: note: add '@MainActor' to make static method 'view(for:)' part of global actor 'MainActor'
  static func view(for caseID: String) -> AnyView {
              ^
  @MainActor 
/tmp/luna-ios-text-receipt-build-ZsbJQ5/project-parent/luna-ios-text-receipt-20260907/swift/SimulatorHost/App.swift:13:36: warning: call to main actor-isolated initializer 'init()' in a synchronous nonisolated context
    case "case-04": return AnyView(LunaIOSUnderlineAndStrikethrough())
                                   ^
/tmp/luna-ios-text-receipt-build-ZsbJQ5/project-parent/luna-ios-text-receipt-20260907/swift/Sources/CanvasTextReceipt/LunaIOSUnderlineAndStrikethrough.swift:4:10: note: calls to initializer 'init()' from outside of its actor context are implicitly asynchronous
  public init() { CanvasFonts.register() }
         ^
/tmp/luna-ios-text-receipt-build-ZsbJQ5/project-parent/luna-ios-text-receipt-20260907/swift/Sources/CanvasTextReceipt/LunaIOSUnderlineAndStrikethrough.swift:4:10: note: main actor isolation inferred from conformance to protocol 'View'
  public init() { CanvasFonts.register() }
         ^
/tmp/luna-ios-text-receipt-build-ZsbJQ5/project-parent/luna-ios-text-receipt-20260907/swift/SimulatorHost/App.swift:8:15: note: add '@MainActor' to make static method 'view(for:)' part of global actor 'MainActor'
  static func view(for caseID: String) -> AnyView {
              ^
  @MainActor 
/tmp/luna-ios-text-receipt-build-ZsbJQ5/project-parent/luna-ios-text-receipt-20260907/swift/SimulatorHost/App.swift:14:36: warning: call to main actor-isolated initializer 'init()' in a synchronous nonisolated context
    case "case-06": return AnyView(LunaIOSFullBold700())
                                   ^
/tmp/luna-ios-text-receipt-build-ZsbJQ5/project-parent/luna-ios-text-receipt-20260907/swift/Sources/CanvasTextReceipt/LunaIOSFullBold700.swift:4:10: note: calls to initializer 'init()' from outside of its actor context are implicitly asynchronous
  public init() { CanvasFonts.register() }
         ^
/tmp/luna-ios-text-receipt-build-ZsbJQ5/project-parent/luna-ios-text-receipt-20260907/swift/Sources/CanvasTextReceipt/LunaIOSFullBold700.swift:4:10: note: main actor isolation inferred from conformance to protocol 'View'
  public init() { CanvasFonts.register() }
         ^
/tmp/luna-ios-text-receipt-build-ZsbJQ5/project-parent/luna-ios-text-receipt-20260907/swift/SimulatorHost/App.swift:8:15: note: add '@MainActor' to make static method 'view(for:)' part of global actor 'MainActor'
  static func view(for caseID: String) -> AnyView {
              ^
  @MainActor 
/tmp/luna-ios-text-receipt-build-ZsbJQ5/project-parent/luna-ios-text-receipt-20260907/swift/SimulatorHost/App.swift:15:36: warning: call to main actor-isolated initializer 'init()' in a synchronous nonisolated context
    case "case-07": return AnyView(LunaIOSFirstSixUnderline())
                                   ^
/tmp/luna-ios-text-receipt-build-ZsbJQ5/project-parent/luna-ios-text-receipt-20260907/swift/Sources/CanvasTextReceipt/LunaIOSFirstSixUnderline.swift:4:10: note: calls to initializer 'init()' from outside of its actor context are implicitly asynchronous
  public init() { CanvasFonts.register() }
         ^
/tmp/luna-ios-text-receipt-build-ZsbJQ5/project-parent/luna-ios-text-receipt-20260907/swift/Sources/CanvasTextReceipt/LunaIOSFirstSixUnderline.swift:4:10: note: main actor isolation inferred from conformance to protocol 'View'
  public init() { CanvasFonts.register() }
         ^
/tmp/luna-ios-text-receipt-build-ZsbJQ5/project-parent/luna-ios-text-receipt-20260907/swift/SimulatorHost/App.swift:8:15: note: add '@MainActor' to make static method 'view(for:)' part of global actor 'MainActor'
  static func view(for caseID: String) -> AnyView {
              ^
  @MainActor 
/tmp/luna-ios-text-receipt-build-ZsbJQ5/project-parent/luna-ios-text-receipt-20260907/swift/SimulatorHost/App.swift:16:36: warning: call to main actor-isolated initializer 'init()' in a synchronous nonisolated context
    case "case-08": return AnyView(LunaIOSFirstSixStrikethrough())
                                   ^
/tmp/luna-ios-text-receipt-build-ZsbJQ5/project-parent/luna-ios-text-receipt-20260907/swift/Sources/CanvasTextReceipt/LunaIOSFirstSixStrikethrough.swift:4:10: note: calls to initializer 'init()' from outside of its actor context are implicitly asynchronous
  public init() { CanvasFonts.register() }
         ^
/tmp/luna-ios-text-receipt-build-ZsbJQ5/project-parent/luna-ios-text-receipt-20260907/swift/Sources/CanvasTextReceipt/LunaIOSFirstSixStrikethrough.swift:4:10: note: main actor isolation inferred from conformance to protocol 'View'
  public init() { CanvasFonts.register() }
         ^
/tmp/luna-ios-text-receipt-build-ZsbJQ5/project-parent/luna-ios-text-receipt-20260907/swift/SimulatorHost/App.swift:8:15: note: add '@MainActor' to make static method 'view(for:)' part of global actor 'MainActor'
  static func view(for caseID: String) -> AnyView {
              ^
  @MainActor 
/tmp/luna-ios-text-receipt-build-ZsbJQ5/project-parent/luna-ios-text-receipt-20260907/swift/SimulatorHost/App.swift:17:36: warning: call to main actor-isolated initializer 'init()' in a synchronous nonisolated context
    case "case-10": return AnyView(LunaIOSFirstSixOrangeFill())
                                   ^
/tmp/luna-ios-text-receipt-build-ZsbJQ5/project-parent/luna-ios-text-receipt-20260907/swift/Sources/CanvasTextReceipt/LunaIOSFirstSixOrangeFill.swift:4:10: note: calls to initializer 'init()' from outside of its actor context are implicitly asynchronous
  public init() { CanvasFonts.register() }
         ^
/tmp/luna-ios-text-receipt-build-ZsbJQ5/project-parent/luna-ios-text-receipt-20260907/swift/Sources/CanvasTextReceipt/LunaIOSFirstSixOrangeFill.swift:4:10: note: main actor isolation inferred from conformance to protocol 'View'
  public init() { CanvasFonts.register() }
         ^
/tmp/luna-ios-text-receipt-build-ZsbJQ5/project-parent/luna-ios-text-receipt-20260907/swift/SimulatorHost/App.swift:8:15: note: add '@MainActor' to make static method 'view(for:)' part of global actor 'MainActor'
  static func view(for caseID: String) -> AnyView {
              ^
  @MainActor 
/tmp/luna-ios-text-receipt-build-ZsbJQ5/project-parent/luna-ios-text-receipt-20260907/swift/SimulatorHost/App.swift:18:36: warning: call to main actor-isolated initializer 'init()' in a synchronous nonisolated context
    case "case-11": return AnyView(LunaIOSFullLetterSpacing())
                                   ^
/tmp/luna-ios-text-receipt-build-ZsbJQ5/project-parent/luna-ios-text-receipt-20260907/swift/Sources/CanvasTextReceipt/LunaIOSFullLetterSpacing.swift:4:10: note: calls to initializer 'init()' from outside of its actor context are implicitly asynchronous
  public init() { CanvasFonts.register() }
         ^
/tmp/luna-ios-text-receipt-build-ZsbJQ5/project-parent/luna-ios-text-receipt-20260907/swift/Sources/CanvasTextReceipt/LunaIOSFullLetterSpacing.swift:4:10: note: main actor isolation inferred from conformance to protocol 'View'
  public init() { CanvasFonts.register() }
         ^
/tmp/luna-ios-text-receipt-build-ZsbJQ5/project-parent/luna-ios-text-receipt-20260907/swift/SimulatorHost/App.swift:8:15: note: add '@MainActor' to make static method 'view(for:)' part of global actor 'MainActor'
  static func view(for caseID: String) -> AnyView {
              ^
  @MainActor 
/tmp/luna-ios-text-receipt-build-ZsbJQ5/project-parent/luna-ios-text-receipt-20260907/swift/SimulatorHost/App.swift:19:36: warning: call to main actor-isolated initializer 'init()' in a synchronous nonisolated context
    case "case-12": return AnyView(LunaIOSFirstSixLetterSpacing())
                                   ^
/tmp/luna-ios-text-receipt-build-ZsbJQ5/project-parent/luna-ios-text-receipt-20260907/swift/Sources/CanvasTextReceipt/LunaIOSFirstSixLetterSpacing.swift:4:10: note: calls to initializer 'init()' from outside of its actor context are implicitly asynchronous
  public init() { CanvasFonts.register() }
         ^
/tmp/luna-ios-text-receipt-build-ZsbJQ5/project-parent/luna-ios-text-receipt-20260907/swift/Sources/CanvasTextReceipt/LunaIOSFirstSixLetterSpacing.swift:4:10: note: main actor isolation inferred from conformance to protocol 'View'
  public init() { CanvasFonts.register() }
         ^
/tmp/luna-ios-text-receipt-build-ZsbJQ5/project-parent/luna-ios-text-receipt-20260907/swift/SimulatorHost/App.swift:8:15: note: add '@MainActor' to make static method 'view(for:)' part of global actor 'MainActor'
  static func view(for caseID: String) -> AnyView {
              ^
  @MainActor 

SwiftCompile normal x86_64 /tmp/luna-ios-text-receipt-build-ZsbJQ5/project-parent/luna-ios-text-receipt-20260907/swift/Sources/CanvasTextReceipt/CanvasFonts.swift (in target 'CanvasTextReceiptEvidence' from project 'CanvasTextReceiptEvidence')
    cd /tmp/luna-ios-text-receipt-build-ZsbJQ5/project-parent/luna-ios-text-receipt-20260907
    

SwiftDriverJobDiscovery normal x86_64 Compiling LunaIOSFullUnderline.swift (in target 'CanvasTextReceiptEvidence' from project 'CanvasTextReceiptEvidence')

SwiftCompile normal x86_64 Compiling\ LunaIOSUnmarkedRegular.swift /tmp/luna-ios-text-receipt-build-ZsbJQ5/project-parent/luna-ios-text-receipt-20260907/swift/Sources/CanvasTextReceipt/LunaIOSUnmarkedRegular.swift (in target 'CanvasTextReceiptEvidence' from project 'CanvasTextReceiptEvidence')

SwiftCompile normal x86_64 /tmp/luna-ios-text-receipt-build-ZsbJQ5/project-parent/luna-ios-text-receipt-20260907/swift/Sources/CanvasTextReceipt/LunaIOSUnmarkedRegular.swift (in target 'CanvasTextReceiptEvidence' from project 'CanvasTextReceiptEvidence')
    cd /tmp/luna-ios-text-receipt-build-ZsbJQ5/project-parent/luna-ios-text-receipt-20260907
    

SwiftDriverJobDiscovery normal x86_64 Compiling App.swift, CanvasFonts.swift (in target 'CanvasTextReceiptEvidence' from project 'CanvasTextReceiptEvidence')

SwiftCompile normal arm64 Compiling\ FlowLayout.swift,\ LunaIOSFirstSixLetterSpacing.swift /tmp/luna-ios-text-receipt-build-ZsbJQ5/project-parent/luna-ios-text-receipt-20260907/swift/Sources/CanvasTextReceipt/FlowLayout.swift /tmp/luna-ios-text-receipt-build-ZsbJQ5/project-parent/luna-ios-text-receipt-20260907/swift/Sources/CanvasTextReceipt/LunaIOSFirstSixLetterSpacing.swift (in target 'CanvasTextReceiptEvidence' from project 'CanvasTextReceiptEvidence')

SwiftCompile normal arm64 /tmp/luna-ios-text-receipt-build-ZsbJQ5/project-parent/luna-ios-text-receipt-20260907/swift/Sources/CanvasTextReceipt/FlowLayout.swift (in target 'CanvasTextReceiptEvidence' from project 'CanvasTextReceiptEvidence')
    cd /tmp/luna-ios-text-receipt-build-ZsbJQ5/project-parent/luna-ios-text-receipt-20260907
    

SwiftCompile normal arm64 /tmp/luna-ios-text-receipt-build-ZsbJQ5/project-parent/luna-ios-text-receipt-20260907/swift/Sources/CanvasTextReceipt/LunaIOSFirstSixLetterSpacing.swift (in target 'CanvasTextReceiptEvidence' from project 'CanvasTextReceiptEvidence')
    cd /tmp/luna-ios-text-receipt-build-ZsbJQ5/project-parent/luna-ios-text-receipt-20260907
    

SwiftDriverJobDiscovery normal x86_64 Compiling LunaIOSUnmarkedRegular.swift (in target 'CanvasTextReceiptEvidence' from project 'CanvasTextReceiptEvidence')

SwiftCompile normal x86_64 Compiling\ LunaIOSFirstSixOrangeFill.swift,\ LunaIOSFirstSixStrikethrough.swift /tmp/luna-ios-text-receipt-build-ZsbJQ5/project-parent/luna-ios-text-receipt-20260907/swift/Sources/CanvasTextReceipt/LunaIOSFirstSixOrangeFill.swift /tmp/luna-ios-text-receipt-build-ZsbJQ5/project-parent/luna-ios-text-receipt-20260907/swift/Sources/CanvasTextReceipt/LunaIOSFirstSixStrikethrough.swift (in target 'CanvasTextReceiptEvidence' from project 'CanvasTextReceiptEvidence')

SwiftCompile normal x86_64 /tmp/luna-ios-text-receipt-build-ZsbJQ5/project-parent/luna-ios-text-receipt-20260907/swift/Sources/CanvasTextReceipt/LunaIOSFirstSixOrangeFill.swift (in target 'CanvasTextReceiptEvidence' from project 'CanvasTextReceiptEvidence')
    cd /tmp/luna-ios-text-receipt-build-ZsbJQ5/project-parent/luna-ios-text-receipt-20260907
    

SwiftCompile normal x86_64 /tmp/luna-ios-text-receipt-build-ZsbJQ5/project-parent/luna-ios-text-receipt-20260907/swift/Sources/CanvasTextReceipt/LunaIOSFirstSixStrikethrough.swift (in target 'CanvasTextReceiptEvidence' from project 'CanvasTextReceiptEvidence')
    cd /tmp/luna-ios-text-receipt-build-ZsbJQ5/project-parent/luna-ios-text-receipt-20260907
    

SwiftDriverJobDiscovery normal arm64 Compiling FlowLayout.swift, LunaIOSFirstSixLetterSpacing.swift (in target 'CanvasTextReceiptEvidence' from project 'CanvasTextReceiptEvidence')

SwiftCompile normal arm64 Compiling\ LunaIOSFullUnderline.swift /tmp/luna-ios-text-receipt-build-ZsbJQ5/project-parent/luna-ios-text-receipt-20260907/swift/Sources/CanvasTextReceipt/LunaIOSFullUnderline.swift (in target 'CanvasTextReceiptEvidence' from project 'CanvasTextReceiptEvidence')

SwiftCompile normal arm64 /tmp/luna-ios-text-receipt-build-ZsbJQ5/project-parent/luna-ios-text-receipt-20260907/swift/Sources/CanvasTextReceipt/LunaIOSFullUnderline.swift (in target 'CanvasTextReceiptEvidence' from project 'CanvasTextReceiptEvidence')
    cd /tmp/luna-ios-text-receipt-build-ZsbJQ5/project-parent/luna-ios-text-receipt-20260907
    

SwiftDriverJobDiscovery normal arm64 Compiling LunaIOSFirstSixUnderline.swift (in target 'CanvasTextReceiptEvidence' from project 'CanvasTextReceiptEvidence')

SwiftCompile normal arm64 Compiling\ LunaIOSFullLetterSpacing.swift /tmp/luna-ios-text-receipt-build-ZsbJQ5/project-parent/luna-ios-text-receipt-20260907/swift/Sources/CanvasTextReceipt/LunaIOSFullLetterSpacing.swift (in target 'CanvasTextReceiptEvidence' from project 'CanvasTextReceiptEvidence')
SwiftCompile normal arm64 /tmp/luna-ios-text-receipt-build-ZsbJQ5/project-parent/luna-ios-text-receipt-20260907/swift/Sources/CanvasTextReceipt/LunaIOSFullLetterSpacing.swift (in target 'CanvasTextReceiptEvidence' from project 'CanvasTextReceiptEvidence')
    cd /tmp/luna-ios-text-receipt-build-ZsbJQ5/project-parent/luna-ios-text-receipt-20260907
    

SwiftDriverJobDiscovery normal arm64 Compiling LunaIOSFullUnderline.swift (in target 'CanvasTextReceiptEvidence' from project 'CanvasTextReceiptEvidence')

SwiftCompile normal arm64 Compiling\ LunaIOSFullBold700.swift /tmp/luna-ios-text-receipt-build-ZsbJQ5/project-parent/luna-ios-text-receipt-20260907/swift/Sources/CanvasTextReceipt/LunaIOSFullBold700.swift (in target 'CanvasTextReceiptEvidence' from project 'CanvasTextReceiptEvidence')
SwiftCompile normal arm64 /tmp/luna-ios-text-receipt-build-ZsbJQ5/project-parent/luna-ios-text-receipt-20260907/swift/Sources/CanvasTextReceipt/LunaIOSFullBold700.swift (in target 'CanvasTextReceiptEvidence' from project 'CanvasTextReceiptEvidence')
    cd /tmp/luna-ios-text-receipt-build-ZsbJQ5/project-parent/luna-ios-text-receipt-20260907
    

SwiftDriverJobDiscovery normal x86_64 Compiling LunaIOSFirstSixOrangeFill.swift, LunaIOSFirstSixStrikethrough.swift (in target 'CanvasTextReceiptEvidence' from project 'CanvasTextReceiptEvidence')

SwiftCompile normal arm64 Compiling\ App.swift,\ CanvasFonts.swift /tmp/luna-ios-text-receipt-build-ZsbJQ5/project-parent/luna-ios-text-receipt-20260907/swift/SimulatorHost/App.swift /tmp/luna-ios-text-receipt-build-ZsbJQ5/project-parent/luna-ios-text-receipt-20260907/swift/Sources/CanvasTextReceipt/CanvasFonts.swift (in target 'CanvasTextReceiptEvidence' from project 'CanvasTextReceiptEvidence')

SwiftCompile normal arm64 /tmp/luna-ios-text-receipt-build-ZsbJQ5/project-parent/luna-ios-text-receipt-20260907/swift/SimulatorHost/App.swift (in target 'CanvasTextReceiptEvidence' from project 'CanvasTextReceiptEvidence')
    cd /tmp/luna-ios-text-receipt-build-ZsbJQ5/project-parent/luna-ios-text-receipt-20260907
    
/tmp/luna-ios-text-receipt-build-ZsbJQ5/project-parent/luna-ios-text-receipt-20260907/swift/SimulatorHost/App.swift:10:36: warning: call to main actor-isolated initializer 'init()' in a synchronous nonisolated context
    case "case-01": return AnyView(LunaIOSUnmarkedRegular())
                                   ^
/tmp/luna-ios-text-receipt-build-ZsbJQ5/project-parent/luna-ios-text-receipt-20260907/swift/Sources/CanvasTextReceipt/LunaIOSUnmarkedRegular.swift:4:10: note: calls to initializer 'init()' from outside of its actor context are implicitly asynchronous
  public init() { CanvasFonts.register() }
         ^
/tmp/luna-ios-text-receipt-build-ZsbJQ5/project-parent/luna-ios-text-receipt-20260907/swift/Sources/CanvasTextReceipt/LunaIOSUnmarkedRegular.swift:4:10: note: main actor isolation inferred from conformance to protocol 'View'
  public init() { CanvasFonts.register() }
         ^
/tmp/luna-ios-text-receipt-build-ZsbJQ5/project-parent/luna-ios-text-receipt-20260907/swift/SimulatorHost/App.swift:8:15: note: add '@MainActor' to make static method 'view(for:)' part of global actor 'MainActor'
  static func view(for caseID: String) -> AnyView {
              ^
  @MainActor 
/tmp/luna-ios-text-receipt-build-ZsbJQ5/project-parent/luna-ios-text-receipt-20260907/swift/SimulatorHost/App.swift:11:36: warning: call to main actor-isolated initializer 'init()' in a synchronous nonisolated context
    case "case-02": return AnyView(LunaIOSFullUnderline())
                                   ^
/tmp/luna-ios-text-receipt-build-ZsbJQ5/project-parent/luna-ios-text-receipt-20260907/swift/Sources/CanvasTextReceipt/LunaIOSFullUnderline.swift:4:10: note: calls to initializer 'init()' from outside of its actor context are implicitly asynchronous
  public init() { CanvasFonts.register() }
         ^
/tmp/luna-ios-text-receipt-build-ZsbJQ5/project-parent/luna-ios-text-receipt-20260907/swift/Sources/CanvasTextReceipt/LunaIOSFullUnderline.swift:4:10: note: main actor isolation inferred from conformance to protocol 'View'
  public init() { CanvasFonts.register() }
         ^
/tmp/luna-ios-text-receipt-build-ZsbJQ5/project-parent/luna-ios-text-receipt-20260907/swift/SimulatorHost/App.swift:8:15: note: add '@MainActor' to make static method 'view(for:)' part of global actor 'MainActor'
  static func view(for caseID: String) -> AnyView {
              ^
  @MainActor 
/tmp/luna-ios-text-receipt-build-ZsbJQ5/project-parent/luna-ios-text-receipt-20260907/swift/SimulatorHost/App.swift:12:36: warning: call to main actor-isolated initializer 'init()' in a synchronous nonisolated context
    case "case-03": return AnyView(LunaIOSFullStrikethrough())
                                   ^
/tmp/luna-ios-text-receipt-build-ZsbJQ5/project-parent/luna-ios-text-receipt-20260907/swift/Sources/CanvasTextReceipt/LunaIOSFullStrikethrough.swift:4:10: note: calls to initializer 'init()' from outside of its actor context are implicitly asynchronous
  public init() { CanvasFonts.register() }
         ^
/tmp/luna-ios-text-receipt-build-ZsbJQ5/project-parent/luna-ios-text-receipt-20260907/swift/Sources/CanvasTextReceipt/LunaIOSFullStrikethrough.swift:4:10: note: main actor isolation inferred from conformance to protocol 'View'
  public init() { CanvasFonts.register() }
         ^
/tmp/luna-ios-text-receipt-build-ZsbJQ5/project-parent/luna-ios-text-receipt-20260907/swift/SimulatorHost/App.swift:8:15: note: add '@MainActor' to make static method 'view(for:)' part of global actor 'MainActor'
  static func view(for caseID: String) -> AnyView {
              ^
  @MainActor 
/tmp/luna-ios-text-receipt-build-ZsbJQ5/project-parent/luna-ios-text-receipt-20260907/swift/SimulatorHost/App.swift:13:36: warning: call to main actor-isolated initializer 'init()' in a synchronous nonisolated context
    case "case-04": return AnyView(LunaIOSUnderlineAndStrikethrough())
                                   ^
/tmp/luna-ios-text-receipt-build-ZsbJQ5/project-parent/luna-ios-text-receipt-20260907/swift/Sources/CanvasTextReceipt/LunaIOSUnderlineAndStrikethrough.swift:4:10: note: calls to initializer 'init()' from outside of its actor context are implicitly asynchronous
  public init() { CanvasFonts.register() }
         ^
/tmp/luna-ios-text-receipt-build-ZsbJQ5/project-parent/luna-ios-text-receipt-20260907/swift/Sources/CanvasTextReceipt/LunaIOSUnderlineAndStrikethrough.swift:4:10: note: main actor isolation inferred from conformance to protocol 'View'
  public init() { CanvasFonts.register() }
         ^
/tmp/luna-ios-text-receipt-build-ZsbJQ5/project-parent/luna-ios-text-receipt-20260907/swift/SimulatorHost/App.swift:8:15: note: add '@MainActor' to make static method 'view(for:)' part of global actor 'MainActor'
  static func view(for caseID: String) -> AnyView {
              ^
  @MainActor 
/tmp/luna-ios-text-receipt-build-ZsbJQ5/project-parent/luna-ios-text-receipt-20260907/swift/SimulatorHost/App.swift:14:36: warning: call to main actor-isolated initializer 'init()' in a synchronous nonisolated context
    case "case-06": return AnyView(LunaIOSFullBold700())
                                   ^
/tmp/luna-ios-text-receipt-build-ZsbJQ5/project-parent/luna-ios-text-receipt-20260907/swift/Sources/CanvasTextReceipt/LunaIOSFullBold700.swift:4:10: note: calls to initializer 'init()' from outside of its actor context are implicitly asynchronous
  public init() { CanvasFonts.register() }
         ^
/tmp/luna-ios-text-receipt-build-ZsbJQ5/project-parent/luna-ios-text-receipt-20260907/swift/Sources/CanvasTextReceipt/LunaIOSFullBold700.swift:4:10: note: main actor isolation inferred from conformance to protocol 'View'
  public init() { CanvasFonts.register() }
         ^
/tmp/luna-ios-text-receipt-build-ZsbJQ5/project-parent/luna-ios-text-receipt-20260907/swift/SimulatorHost/App.swift:8:15: note: add '@MainActor' to make static method 'view(for:)' part of global actor 'MainActor'
  static func view(for caseID: String) -> AnyView {
              ^
  @MainActor 
/tmp/luna-ios-text-receipt-build-ZsbJQ5/project-parent/luna-ios-text-receipt-20260907/swift/SimulatorHost/App.swift:15:36: warning: call to main actor-isolated initializer 'init()' in a synchronous nonisolated context
    case "case-07": return AnyView(LunaIOSFirstSixUnderline())
                                   ^
/tmp/luna-ios-text-receipt-build-ZsbJQ5/project-parent/luna-ios-text-receipt-20260907/swift/Sources/CanvasTextReceipt/LunaIOSFirstSixUnderline.swift:4:10: note: calls to initializer 'init()' from outside of its actor context are implicitly asynchronous
  public init() { CanvasFonts.register() }
         ^
/tmp/luna-ios-text-receipt-build-ZsbJQ5/project-parent/luna-ios-text-receipt-20260907/swift/Sources/CanvasTextReceipt/LunaIOSFirstSixUnderline.swift:4:10: note: main actor isolation inferred from conformance to protocol 'View'
  public init() { CanvasFonts.register() }
         ^
/tmp/luna-ios-text-receipt-build-ZsbJQ5/project-parent/luna-ios-text-receipt-20260907/swift/SimulatorHost/App.swift:8:15: note: add '@MainActor' to make static method 'view(for:)' part of global actor 'MainActor'
  static func view(for caseID: String) -> AnyView {
              ^
  @MainActor 
/tmp/luna-ios-text-receipt-build-ZsbJQ5/project-parent/luna-ios-text-receipt-20260907/swift/SimulatorHost/App.swift:16:36: warning: call to main actor-isolated initializer 'init()' in a synchronous nonisolated context
    case "case-08": return AnyView(LunaIOSFirstSixStrikethrough())
                                   ^
/tmp/luna-ios-text-receipt-build-ZsbJQ5/project-parent/luna-ios-text-receipt-20260907/swift/Sources/CanvasTextReceipt/LunaIOSFirstSixStrikethrough.swift:4:10: note: calls to initializer 'init()' from outside of its actor context are implicitly asynchronous
  public init() { CanvasFonts.register() }
         ^
/tmp/luna-ios-text-receipt-build-ZsbJQ5/project-parent/luna-ios-text-receipt-20260907/swift/Sources/CanvasTextReceipt/LunaIOSFirstSixStrikethrough.swift:4:10: note: main actor isolation inferred from conformance to protocol 'View'
  public init() { CanvasFonts.register() }
         ^
/tmp/luna-ios-text-receipt-build-ZsbJQ5/project-parent/luna-ios-text-receipt-20260907/swift/SimulatorHost/App.swift:8:15: note: add '@MainActor' to make static method 'view(for:)' part of global actor 'MainActor'
  static func view(for caseID: String) -> AnyView {
              ^
  @MainActor 
/tmp/luna-ios-text-receipt-build-ZsbJQ5/project-parent/luna-ios-text-receipt-20260907/swift/SimulatorHost/App.swift:17:36: warning: call to main actor-isolated initializer 'init()' in a synchronous nonisolated context
    case "case-10": return AnyView(LunaIOSFirstSixOrangeFill())
                                   ^
/tmp/luna-ios-text-receipt-build-ZsbJQ5/project-parent/luna-ios-text-receipt-20260907/swift/Sources/CanvasTextReceipt/LunaIOSFirstSixOrangeFill.swift:4:10: note: calls to initializer 'init()' from outside of its actor context are implicitly asynchronous
  public init() { CanvasFonts.register() }
         ^
/tmp/luna-ios-text-receipt-build-ZsbJQ5/project-parent/luna-ios-text-receipt-20260907/swift/Sources/CanvasTextReceipt/LunaIOSFirstSixOrangeFill.swift:4:10: note: main actor isolation inferred from conformance to protocol 'View'
  public init() { CanvasFonts.register() }
         ^
/tmp/luna-ios-text-receipt-build-ZsbJQ5/project-parent/luna-ios-text-receipt-20260907/swift/SimulatorHost/App.swift:8:15: note: add '@MainActor' to make static method 'view(for:)' part of global actor 'MainActor'
  static func view(for caseID: String) -> AnyView {
              ^
  @MainActor 
/tmp/luna-ios-text-receipt-build-ZsbJQ5/project-parent/luna-ios-text-receipt-20260907/swift/SimulatorHost/App.swift:18:36: warning: call to main actor-isolated initializer 'init()' in a synchronous nonisolated context
    case "case-11": return AnyView(LunaIOSFullLetterSpacing())
                                   ^
/tmp/luna-ios-text-receipt-build-ZsbJQ5/project-parent/luna-ios-text-receipt-20260907/swift/Sources/CanvasTextReceipt/LunaIOSFullLetterSpacing.swift:4:10: note: calls to initializer 'init()' from outside of its actor context are implicitly asynchronous
  public init() { CanvasFonts.register() }
         ^
/tmp/luna-ios-text-receipt-build-ZsbJQ5/project-parent/luna-ios-text-receipt-20260907/swift/Sources/CanvasTextReceipt/LunaIOSFullLetterSpacing.swift:4:10: note: main actor isolation inferred from conformance to protocol 'View'
  public init() { CanvasFonts.register() }
         ^
/tmp/luna-ios-text-receipt-build-ZsbJQ5/project-parent/luna-ios-text-receipt-20260907/swift/SimulatorHost/App.swift:8:15: note: add '@MainActor' to make static method 'view(for:)' part of global actor 'MainActor'
  static func view(for caseID: String) -> AnyView {
              ^
  @MainActor 
/tmp/luna-ios-text-receipt-build-ZsbJQ5/project-parent/luna-ios-text-receipt-20260907/swift/SimulatorHost/App.swift:19:36: warning: call to main actor-isolated initializer 'init()' in a synchronous nonisolated context
    case "case-12": return AnyView(LunaIOSFirstSixLetterSpacing())
                                   ^
/tmp/luna-ios-text-receipt-build-ZsbJQ5/project-parent/luna-ios-text-receipt-20260907/swift/Sources/CanvasTextReceipt/LunaIOSFirstSixLetterSpacing.swift:4:10: note: calls to initializer 'init()' from outside of its actor context are implicitly asynchronous
  public init() { CanvasFonts.register() }
         ^
/tmp/luna-ios-text-receipt-build-ZsbJQ5/project-parent/luna-ios-text-receipt-20260907/swift/Sources/CanvasTextReceipt/LunaIOSFirstSixLetterSpacing.swift:4:10: note: main actor isolation inferred from conformance to protocol 'View'
  public init() { CanvasFonts.register() }
         ^
/tmp/luna-ios-text-receipt-build-ZsbJQ5/project-parent/luna-ios-text-receipt-20260907/swift/SimulatorHost/App.swift:8:15: note: add '@MainActor' to make static method 'view(for:)' part of global actor 'MainActor'
  static func view(for caseID: String) -> AnyView {
              ^
  @MainActor 

SwiftCompile normal arm64 /tmp/luna-ios-text-receipt-build-ZsbJQ5/project-parent/luna-ios-text-receipt-20260907/swift/Sources/CanvasTextReceipt/CanvasFonts.swift (in target 'CanvasTextReceiptEvidence' from project 'CanvasTextReceiptEvidence')
    cd /tmp/luna-ios-text-receipt-build-ZsbJQ5/project-parent/luna-ios-text-receipt-20260907
    

SwiftDriverJobDiscovery normal arm64 Compiling LunaIOSFullLetterSpacing.swift (in target 'CanvasTextReceiptEvidence' from project 'CanvasTextReceiptEvidence')

SwiftCompile normal arm64 Compiling\ LunaIOSFullStrikethrough.swift /tmp/luna-ios-text-receipt-build-ZsbJQ5/project-parent/luna-ios-text-receipt-20260907/swift/Sources/CanvasTextReceipt/LunaIOSFullStrikethrough.swift (in target 'CanvasTextReceiptEvidence' from project 'CanvasTextReceiptEvidence')

SwiftCompile normal arm64 /tmp/luna-ios-text-receipt-build-ZsbJQ5/project-parent/luna-ios-text-receipt-20260907/swift/Sources/CanvasTextReceipt/LunaIOSFullStrikethrough.swift (in target 'CanvasTextReceiptEvidence' from project 'CanvasTextReceiptEvidence')
    cd /tmp/luna-ios-text-receipt-build-ZsbJQ5/project-parent/luna-ios-text-receipt-20260907
    

SwiftDriverJobDiscovery normal arm64 Compiling LunaIOSFullBold700.swift (in target 'CanvasTextReceiptEvidence' from project 'CanvasTextReceiptEvidence')

SwiftCompile normal x86_64 Compiling\ LunaIOSFullBold700.swift /tmp/luna-ios-text-receipt-build-ZsbJQ5/project-parent/luna-ios-text-receipt-20260907/swift/Sources/CanvasTextReceipt/LunaIOSFullBold700.swift (in target 'CanvasTextReceiptEvidence' from project 'CanvasTextReceiptEvidence')
SwiftCompile normal x86_64 /tmp/luna-ios-text-receipt-build-ZsbJQ5/project-parent/luna-ios-text-receipt-20260907/swift/Sources/CanvasTextReceipt/LunaIOSFullBold700.swift (in target 'CanvasTextReceiptEvidence' from project 'CanvasTextReceiptEvidence')
    cd /tmp/luna-ios-text-receipt-build-ZsbJQ5/project-parent/luna-ios-text-receipt-20260907
    

SwiftDriverJobDiscovery normal arm64 Compiling LunaIOSFullStrikethrough.swift (in target 'CanvasTextReceiptEvidence' from project 'CanvasTextReceiptEvidence')

SwiftCompile normal arm64 Compiling\ LunaIOSUnmarkedRegular.swift /tmp/luna-ios-text-receipt-build-ZsbJQ5/project-parent/luna-ios-text-receipt-20260907/swift/Sources/CanvasTextReceipt/LunaIOSUnmarkedRegular.swift (in target 'CanvasTextReceiptEvidence' from project 'CanvasTextReceiptEvidence')
SwiftCompile normal arm64 /tmp/luna-ios-text-receipt-build-ZsbJQ5/project-parent/luna-ios-text-receipt-20260907/swift/Sources/CanvasTextReceipt/LunaIOSUnmarkedRegular.swift (in target 'CanvasTextReceiptEvidence' from project 'CanvasTextReceiptEvidence')
    cd /tmp/luna-ios-text-receipt-build-ZsbJQ5/project-parent/luna-ios-text-receipt-20260907
    

SwiftDriverJobDiscovery normal arm64 Compiling App.swift, CanvasFonts.swift (in target 'CanvasTextReceiptEvidence' from project 'CanvasTextReceiptEvidence')

SwiftCompile normal arm64 Compiling\ LunaIOSUnderlineAndStrikethrough.swift /tmp/luna-ios-text-receipt-build-ZsbJQ5/project-parent/luna-ios-text-receipt-20260907/swift/Sources/CanvasTextReceipt/LunaIOSUnderlineAndStrikethrough.swift (in target 'CanvasTextReceiptEvidence' from project 'CanvasTextReceiptEvidence')
SwiftCompile normal arm64 /tmp/luna-ios-text-receipt-build-ZsbJQ5/project-parent/luna-ios-text-receipt-20260907/swift/Sources/CanvasTextReceipt/LunaIOSUnderlineAndStrikethrough.swift (in target 'CanvasTextReceiptEvidence' from project 'CanvasTextReceiptEvidence')
    cd /tmp/luna-ios-text-receipt-build-ZsbJQ5/project-parent/luna-ios-text-receipt-20260907
    

SwiftDriverJobDiscovery normal x86_64 Compiling LunaIOSFullBold700.swift (in target 'CanvasTextReceiptEvidence' from project 'CanvasTextReceiptEvidence')

SwiftCompile normal x86_64 Compiling\ FlowLayout.swift,\ LunaIOSFirstSixLetterSpacing.swift /tmp/luna-ios-text-receipt-build-ZsbJQ5/project-parent/luna-ios-text-receipt-20260907/swift/Sources/CanvasTextReceipt/FlowLayout.swift /tmp/luna-ios-text-receipt-build-ZsbJQ5/project-parent/luna-ios-text-receipt-20260907/swift/Sources/CanvasTextReceipt/LunaIOSFirstSixLetterSpacing.swift (in target 'CanvasTextReceiptEvidence' from project 'CanvasTextReceiptEvidence')
SwiftCompile normal x86_64 /tmp/luna-ios-text-receipt-build-ZsbJQ5/project-parent/luna-ios-text-receipt-20260907/swift/Sources/CanvasTextReceipt/FlowLayout.swift (in target 'CanvasTextReceiptEvidence' from project 'CanvasTextReceiptEvidence')
    cd /tmp/luna-ios-text-receipt-build-ZsbJQ5/project-parent/luna-ios-text-receipt-20260907
    

SwiftCompile normal x86_64 /tmp/luna-ios-text-receipt-build-ZsbJQ5/project-parent/luna-ios-text-receipt-20260907/swift/Sources/CanvasTextReceipt/LunaIOSFirstSixLetterSpacing.swift (in target 'CanvasTextReceiptEvidence' from project 'CanvasTextReceiptEvidence')
    cd /tmp/luna-ios-text-receipt-build-ZsbJQ5/project-parent/luna-ios-text-receipt-20260907
    

SwiftDriverJobDiscovery normal arm64 Compiling LunaIOSUnmarkedRegular.swift (in target 'CanvasTextReceiptEvidence' from project 'CanvasTextReceiptEvidence')

SwiftCompile normal arm64 Compiling\ LunaIOSFirstSixOrangeFill.swift,\ LunaIOSFirstSixStrikethrough.swift /tmp/luna-ios-text-receipt-build-ZsbJQ5/project-parent/luna-ios-text-receipt-20260907/swift/Sources/CanvasTextReceipt/LunaIOSFirstSixOrangeFill.swift /tmp/luna-ios-text-receipt-build-ZsbJQ5/project-parent/luna-ios-text-receipt-20260907/swift/Sources/CanvasTextReceipt/LunaIOSFirstSixStrikethrough.swift (in target 'CanvasTextReceiptEvidence' from project 'CanvasTextReceiptEvidence')

SwiftCompile normal arm64 /tmp/luna-ios-text-receipt-build-ZsbJQ5/project-parent/luna-ios-text-receipt-20260907/swift/Sources/CanvasTextReceipt/LunaIOSFirstSixOrangeFill.swift (in target 'CanvasTextReceiptEvidence' from project 'CanvasTextReceiptEvidence')
    cd /tmp/luna-ios-text-receipt-build-ZsbJQ5/project-parent/luna-ios-text-receipt-20260907
    

SwiftCompile normal arm64 /tmp/luna-ios-text-receipt-build-ZsbJQ5/project-parent/luna-ios-text-receipt-20260907/swift/Sources/CanvasTextReceipt/LunaIOSFirstSixStrikethrough.swift (in target 'CanvasTextReceiptEvidence' from project 'CanvasTextReceiptEvidence')
    cd /tmp/luna-ios-text-receipt-build-ZsbJQ5/project-parent/luna-ios-text-receipt-20260907
    

SwiftDriverJobDiscovery normal arm64 Compiling LunaIOSUnderlineAndStrikethrough.swift (in target 'CanvasTextReceiptEvidence' from project 'CanvasTextReceiptEvidence')

SwiftCompile normal x86_64 Compiling\ LunaIOSFullStrikethrough.swift /tmp/luna-ios-text-receipt-build-ZsbJQ5/project-parent/luna-ios-text-receipt-20260907/swift/Sources/CanvasTextReceipt/LunaIOSFullStrikethrough.swift (in target 'CanvasTextReceiptEvidence' from project 'CanvasTextReceiptEvidence')
SwiftCompile normal x86_64 /tmp/luna-ios-text-receipt-build-ZsbJQ5/project-parent/luna-ios-text-receipt-20260907/swift/Sources/CanvasTextReceipt/LunaIOSFullStrikethrough.swift (in target 'CanvasTextReceiptEvidence' from project 'CanvasTextReceiptEvidence')
    cd /tmp/luna-ios-text-receipt-build-ZsbJQ5/project-parent/luna-ios-text-receipt-20260907
    

SwiftDriverJobDiscovery normal arm64 Compiling LunaIOSFirstSixOrangeFill.swift, LunaIOSFirstSixStrikethrough.swift (in target 'CanvasTextReceiptEvidence' from project 'CanvasTextReceiptEvidence')

SwiftDriverJobDiscovery normal x86_64 Compiling FlowLayout.swift, LunaIOSFirstSixLetterSpacing.swift (in target 'CanvasTextReceiptEvidence' from project 'CanvasTextReceiptEvidence')

SwiftDriver\ Compilation CanvasTextReceiptEvidence normal arm64 com.apple.xcode.tools.swift.compiler (in target 'CanvasTextReceiptEvidence' from project 'CanvasTextReceiptEvidence')
    cd /tmp/luna-ios-text-receipt-build-ZsbJQ5/project-parent/luna-ios-text-receipt-20260907
    builtin-Swift-Compilation -- /Applications/Xcode.app/Contents/Developer/Toolchains/XcodeDefault.xctoolchain/usr/bin/swiftc -module-name CanvasTextReceiptEvidence -Onone -enforce-exclusivity\=checked @/tmp/luna-ios-text-receipt-build-ZsbJQ5/derived-data/Build/Intermediates.noindex/CanvasTextReceiptEvidence.build/Debug-iphonesimulator/CanvasTextReceiptEvidence.build/Objects-normal/arm64/CanvasTextReceiptEvidence.SwiftFileList -DDEBUG -enable-experimental-feature DebugDescriptionMacro -sdk /Applications/Xcode.app/Contents/Developer/Platforms/iPhoneSimulator.platform/Developer/SDKs/iPhoneSimulator26.2.sdk -target arm64-apple-ios16.0-simulator -g -module-cache-path /tmp/luna-ios-text-receipt-build-ZsbJQ5/derived-data/ModuleCache.noindex -Xfrontend -serialize-debugging-options -enable-testing -index-store-path /tmp/luna-ios-text-receipt-build-ZsbJQ5/derived-data/Index.noindex/DataStore -Xcc -D_LIBCPP_HARDENING_MODE\=_LIBCPP_HARDENING_MODE_DEBUG -swift-version 6 -I /tmp/luna-ios-text-receipt-build-ZsbJQ5/derived-data/Build/Products/Debug-iphonesimulator -F /tmp/luna-ios-text-receipt-build-ZsbJQ5/derived-data/Build/Products/Debug-iphonesimulator -c -j10 -enable-batch-mode -incremental -Xcc -ivfsstatcache -Xcc /tmp/luna-ios-text-receipt-build-ZsbJQ5/derived-data/SDKStatCaches.noindex/iphonesimulator26.2-23C53-dc75598d0054f22ec865fa860f139d727d00a8b37fbd7999ea79df8ebc024bf0.sdkstatcache -output-file-map /tmp/luna-ios-text-receipt-build-ZsbJQ5/derived-data/Build/Intermediates.noindex/CanvasTextReceiptEvidence.build/Debug-iphonesimulator/CanvasTextReceiptEvidence.build/Objects-normal/arm64/CanvasTextReceiptEvidence-OutputFileMap.json -use-frontend-parseable-output -save-temps -no-color-diagnostics -explicit-module-build -module-cache-path /tmp/luna-ios-text-receipt-build-ZsbJQ5/derived-data/Build/Intermediates.noindex/SwiftExplicitPrecompiledModules -clang-scanner-module-cache-path /tmp/luna-ios-text-receipt-build-ZsbJQ5/derived-data/ModuleCache.noindex -sdk-module-cache-path /tmp/luna-ios-text-receipt-build-ZsbJQ5/derived-data/ModuleCache.noindex -serialize-diagnostics -emit-dependencies -emit-module -emit-module-path /tmp/luna-ios-text-receipt-build-ZsbJQ5/derived-data/Build/Intermediates.noindex/CanvasTextReceiptEvidence.build/Debug-iphonesimulator/CanvasTextReceiptEvidence.build/Objects-normal/arm64/CanvasTextReceiptEvidence.swiftmodule -validate-clang-modules-once -clang-build-session-file /tmp/luna-ios-text-receipt-build-ZsbJQ5/derived-data/ModuleCache.noindex/Session.modulevalidation -Xcc -I/tmp/luna-ios-text-receipt-build-ZsbJQ5/derived-data/Build/Intermediates.noindex/CanvasTextReceiptEvidence.build/Debug-iphonesimulator/CanvasTextReceiptEvidence.build/swift-overrides.hmap -emit-const-values -Xfrontend -const-gather-protocols-file -Xfrontend /tmp/luna-ios-text-receipt-build-ZsbJQ5/derived-data/Build/Intermediates.noindex/CanvasTextReceiptEvidence.build/Debug-iphonesimulator/CanvasTextReceiptEvidence.build/Objects-normal/arm64/CanvasTextReceiptEvidence_const_extract_protocols.json -Xcc -iquote -Xcc /tmp/luna-ios-text-receipt-build-ZsbJQ5/derived-data/Build/Intermediates.noindex/CanvasTextReceiptEvidence.build/Debug-iphonesimulator/CanvasTextReceiptEvidence.build/CanvasTextReceiptEvidence-generated-files.hmap -Xcc -I/tmp/luna-ios-text-receipt-build-ZsbJQ5/derived-data/Build/Intermediates.noindex/CanvasTextReceiptEvidence.build/Debug-iphonesimulator/CanvasTextReceiptEvidence.build/CanvasTextReceiptEvidence-own-target-headers.hmap -Xcc -I/tmp/luna-ios-text-receipt-build-ZsbJQ5/derived-data/Build/Intermediates.noindex/CanvasTextReceiptEvidence.build/Debug-iphonesimulator/CanvasTextReceiptEvidence.build/CanvasTextReceiptEvidence-all-target-headers.hmap -Xcc -iquote -Xcc /tmp/luna-ios-text-receipt-build-ZsbJQ5/derived-data/Build/Intermediates.noindex/CanvasTextReceiptEvidence.build/Debug-iphonesimulator/CanvasTextReceiptEvidence.build/CanvasTextReceiptEvidence-project-headers.hmap -Xcc -I/tmp/luna-ios-text-receipt-build-ZsbJQ5/derived-data/Build/Products/Debug-iphonesimulator/include -Xcc -I/tmp/luna-ios-text-receipt-build-ZsbJQ5/derived-data/Build/Intermediates.noindex/CanvasTextReceiptEvidence.build/Debug-iphonesimulator/CanvasTextReceiptEvidence.build/DerivedSources-normal/arm64 -Xcc -I/tmp/luna-ios-text-receipt-build-ZsbJQ5/derived-data/Build/Intermediates.noindex/CanvasTextReceiptEvidence.build/Debug-iphonesimulator/CanvasTextReceiptEvidence.build/DerivedSources/arm64 -Xcc -I/tmp/luna-ios-text-receipt-build-ZsbJQ5/derived-data/Build/Intermediates.noindex/CanvasTextReceiptEvidence.build/Debug-iphonesimulator/CanvasTextReceiptEvidence.build/DerivedSources -Xcc -DDEBUG\=1 -emit-objc-header -emit-objc-header-path /tmp/luna-ios-text-receipt-build-ZsbJQ5/derived-data/Build/Intermediates.noindex/CanvasTextReceiptEvidence.build/Debug-iphonesimulator/CanvasTextReceiptEvidence.build/Objects-normal/arm64/CanvasTextReceiptEvidence-Swift.h -working-directory /tmp/luna-ios-text-receipt-build-ZsbJQ5/project-parent/luna-ios-text-receipt-20260907 -experimental-emit-module-separately -disable-cmo

SwiftCompile normal x86_64 Compiling\ LunaIOSFullLetterSpacing.swift /tmp/luna-ios-text-receipt-build-ZsbJQ5/project-parent/luna-ios-text-receipt-20260907/swift/Sources/CanvasTextReceipt/LunaIOSFullLetterSpacing.swift (in target 'CanvasTextReceiptEvidence' from project 'CanvasTextReceiptEvidence')
SwiftCompile normal x86_64 /tmp/luna-ios-text-receipt-build-ZsbJQ5/project-parent/luna-ios-text-receipt-20260907/swift/Sources/CanvasTextReceipt/LunaIOSFullLetterSpacing.swift (in target 'CanvasTextReceiptEvidence' from project 'CanvasTextReceiptEvidence')
    cd /tmp/luna-ios-text-receipt-build-ZsbJQ5/project-parent/luna-ios-text-receipt-20260907
    

SwiftCompile normal x86_64 Compiling\ LunaIOSUnderlineAndStrikethrough.swift /tmp/luna-ios-text-receipt-build-ZsbJQ5/project-parent/luna-ios-text-receipt-20260907/swift/Sources/CanvasTextReceipt/LunaIOSUnderlineAndStrikethrough.swift (in target 'CanvasTextReceiptEvidence' from project 'CanvasTextReceiptEvidence')
SwiftCompile normal x86_64 /tmp/luna-ios-text-receipt-build-ZsbJQ5/project-parent/luna-ios-text-receipt-20260907/swift/Sources/CanvasTextReceipt/LunaIOSUnderlineAndStrikethrough.swift (in target 'CanvasTextReceiptEvidence' from project 'CanvasTextReceiptEvidence')
    cd /tmp/luna-ios-text-receipt-build-ZsbJQ5/project-parent/luna-ios-text-receipt-20260907
    

SwiftDriverJobDiscovery normal x86_64 Compiling LunaIOSFullStrikethrough.swift (in target 'CanvasTextReceiptEvidence' from project 'CanvasTextReceiptEvidence')

SwiftDriverJobDiscovery normal x86_64 Compiling LunaIOSFullLetterSpacing.swift (in target 'CanvasTextReceiptEvidence' from project 'CanvasTextReceiptEvidence')

Ld /tmp/luna-ios-text-receipt-build-ZsbJQ5/derived-data/Build/Intermediates.noindex/CanvasTextReceiptEvidence.build/Debug-iphonesimulator/CanvasTextReceiptEvidence.build/Objects-normal/arm64/Binary/CanvasTextReceiptEvidence.debug.dylib normal arm64 (in target 'CanvasTextReceiptEvidence' from project 'CanvasTextReceiptEvidence')
    cd /tmp/luna-ios-text-receipt-build-ZsbJQ5/project-parent/luna-ios-text-receipt-20260907
    /Applications/Xcode.app/Contents/Developer/Toolchains/XcodeDefault.xctoolchain/usr/bin/clang -Xlinker -reproducible -target arm64-apple-ios16.0-simulator -dynamiclib -isysroot /Applications/Xcode.app/Contents/Developer/Platforms/iPhoneSimulator.platform/Developer/SDKs/iPhoneSimulator26.2.sdk -O0 -L/tmp/luna-ios-text-receipt-build-ZsbJQ5/derived-data/Build/Intermediates.noindex/EagerLinkingTBDs/Debug-iphonesimulator -L/tmp/luna-ios-text-receipt-build-ZsbJQ5/derived-data/Build/Products/Debug-iphonesimulator -F/tmp/luna-ios-text-receipt-build-ZsbJQ5/derived-data/Build/Intermediates.noindex/EagerLinkingTBDs/Debug-iphonesimulator -F/tmp/luna-ios-text-receipt-build-ZsbJQ5/derived-data/Build/Products/Debug-iphonesimulator -filelist /tmp/luna-ios-text-receipt-build-ZsbJQ5/derived-data/Build/Intermediates.noindex/CanvasTextReceiptEvidence.build/Debug-iphonesimulator/CanvasTextReceiptEvidence.build/Objects-normal/arm64/CanvasTextReceiptEvidence.LinkFileList -install_name @rpath/CanvasTextReceiptEvidence.debug.dylib -Xlinker -rpath -Xlinker /usr/lib/swift -Xlinker -rpath -Xlinker @executable_path/Frameworks -dead_strip -Xlinker -object_path_lto -Xlinker /tmp/luna-ios-text-receipt-build-ZsbJQ5/derived-data/Build/Intermediates.noindex/CanvasTextReceiptEvidence.build/Debug-iphonesimulator/CanvasTextReceiptEvidence.build/Objects-normal/arm64/CanvasTextReceiptEvidence_lto.o -rdynamic -Xlinker -no_deduplicate -Xlinker -objc_abi_version -Xlinker 2 -Xlinker -dependency_info -Xlinker /tmp/luna-ios-text-receipt-build-ZsbJQ5/derived-data/Build/Intermediates.noindex/CanvasTextReceiptEvidence.build/Debug-iphonesimulator/CanvasTextReceiptEvidence.build/Objects-normal/arm64/CanvasTextReceiptEvidence_dependency_info.dat -fobjc-link-runtime -L/Applications/Xcode.app/Contents/Developer/Toolchains/XcodeDefault.xctoolchain/usr/lib/swift/iphonesimulator -L/usr/lib/swift -Xlinker -add_ast_path -Xlinker /tmp/luna-ios-text-receipt-build-ZsbJQ5/derived-data/Build/Intermediates.noindex/CanvasTextReceiptEvidence.build/Debug-iphonesimulator/CanvasTextReceiptEvidence.build/Objects-normal/arm64/CanvasTextReceiptEvidence.swiftmodule @/tmp/luna-ios-text-receipt-build-ZsbJQ5/derived-data/Build/Intermediates.noindex/CanvasTextReceiptEvidence.build/Debug-iphonesimulator/CanvasTextReceiptEvidence.build/Objects-normal/arm64/CanvasTextReceiptEvidence-linker-args.resp -Xlinker -alias -Xlinker _main -Xlinker ___debug_main_executable_dylib_entry_point -o /tmp/luna-ios-text-receipt-build-ZsbJQ5/derived-data/Build/Intermediates.noindex/CanvasTextReceiptEvidence.build/Debug-iphonesimulator/CanvasTextReceiptEvidence.build/Objects-normal/arm64/Binary/CanvasTextReceiptEvidence.debug.dylib

SwiftDriverJobDiscovery normal x86_64 Compiling LunaIOSUnderlineAndStrikethrough.swift (in target 'CanvasTextReceiptEvidence' from project 'CanvasTextReceiptEvidence')

SwiftDriver\ Compilation CanvasTextReceiptEvidence normal x86_64 com.apple.xcode.tools.swift.compiler (in target 'CanvasTextReceiptEvidence' from project 'CanvasTextReceiptEvidence')
    cd /tmp/luna-ios-text-receipt-build-ZsbJQ5/project-parent/luna-ios-text-receipt-20260907
    builtin-Swift-Compilation -- /Applications/Xcode.app/Contents/Developer/Toolchains/XcodeDefault.xctoolchain/usr/bin/swiftc -module-name CanvasTextReceiptEvidence -Onone -enforce-exclusivity\=checked @/tmp/luna-ios-text-receipt-build-ZsbJQ5/derived-data/Build/Intermediates.noindex/CanvasTextReceiptEvidence.build/Debug-iphonesimulator/CanvasTextReceiptEvidence.build/Objects-normal/x86_64/CanvasTextReceiptEvidence.SwiftFileList -DDEBUG -enable-experimental-feature DebugDescriptionMacro -sdk /Applications/Xcode.app/Contents/Developer/Platforms/iPhoneSimulator.platform/Developer/SDKs/iPhoneSimulator26.2.sdk -target x86_64-apple-ios16.0-simulator -g -module-cache-path /tmp/luna-ios-text-receipt-build-ZsbJQ5/derived-data/ModuleCache.noindex -Xfrontend -serialize-debugging-options -enable-testing -index-store-path /tmp/luna-ios-text-receipt-build-ZsbJQ5/derived-data/Index.noindex/DataStore -Xcc -D_LIBCPP_HARDENING_MODE\=_LIBCPP_HARDENING_MODE_DEBUG -swift-version 6 -I /tmp/luna-ios-text-receipt-build-ZsbJQ5/derived-data/Build/Products/Debug-iphonesimulator -F /tmp/luna-ios-text-receipt-build-ZsbJQ5/derived-data/Build/Products/Debug-iphonesimulator -c -j10 -enable-batch-mode -incremental -Xcc -ivfsstatcache -Xcc /tmp/luna-ios-text-receipt-build-ZsbJQ5/derived-data/SDKStatCaches.noindex/iphonesimulator26.2-23C53-dc75598d0054f22ec865fa860f139d727d00a8b37fbd7999ea79df8ebc024bf0.sdkstatcache -output-file-map /tmp/luna-ios-text-receipt-build-ZsbJQ5/derived-data/Build/Intermediates.noindex/CanvasTextReceiptEvidence.build/Debug-iphonesimulator/CanvasTextReceiptEvidence.build/Objects-normal/x86_64/CanvasTextReceiptEvidence-OutputFileMap.json -use-frontend-parseable-output -save-temps -no-color-diagnostics -explicit-module-build -module-cache-path /tmp/luna-ios-text-receipt-build-ZsbJQ5/derived-data/Build/Intermediates.noindex/SwiftExplicitPrecompiledModules -clang-scanner-module-cache-path /tmp/luna-ios-text-receipt-build-ZsbJQ5/derived-data/ModuleCache.noindex -sdk-module-cache-path /tmp/luna-ios-text-receipt-build-ZsbJQ5/derived-data/ModuleCache.noindex -serialize-diagnostics -emit-dependencies -emit-module -emit-module-path /tmp/luna-ios-text-receipt-build-ZsbJQ5/derived-data/Build/Intermediates.noindex/CanvasTextReceiptEvidence.build/Debug-iphonesimulator/CanvasTextReceiptEvidence.build/Objects-normal/x86_64/CanvasTextReceiptEvidence.swiftmodule -validate-clang-modules-once -clang-build-session-file /tmp/luna-ios-text-receipt-build-ZsbJQ5/derived-data/ModuleCache.noindex/Session.modulevalidation -Xcc -I/tmp/luna-ios-text-receipt-build-ZsbJQ5/derived-data/Build/Intermediates.noindex/CanvasTextReceiptEvidence.build/Debug-iphonesimulator/CanvasTextReceiptEvidence.build/swift-overrides.hmap -emit-const-values -Xfrontend -const-gather-protocols-file -Xfrontend /tmp/luna-ios-text-receipt-build-ZsbJQ5/derived-data/Build/Intermediates.noindex/CanvasTextReceiptEvidence.build/Debug-iphonesimulator/CanvasTextReceiptEvidence.build/Objects-normal/x86_64/CanvasTextReceiptEvidence_const_extract_protocols.json -Xcc -iquote -Xcc /tmp/luna-ios-text-receipt-build-ZsbJQ5/derived-data/Build/Intermediates.noindex/CanvasTextReceiptEvidence.build/Debug-iphonesimulator/CanvasTextReceiptEvidence.build/CanvasTextReceiptEvidence-generated-files.hmap -Xcc -I/tmp/luna-ios-text-receipt-build-ZsbJQ5/derived-data/Build/Intermediates.noindex/CanvasTextReceiptEvidence.build/Debug-iphonesimulator/CanvasTextReceiptEvidence.build/CanvasTextReceiptEvidence-own-target-headers.hmap -Xcc -I/tmp/luna-ios-text-receipt-build-ZsbJQ5/derived-data/Build/Intermediates.noindex/CanvasTextReceiptEvidence.build/Debug-iphonesimulator/CanvasTextReceiptEvidence.build/CanvasTextReceiptEvidence-all-target-headers.hmap -Xcc -iquote -Xcc /tmp/luna-ios-text-receipt-build-ZsbJQ5/derived-data/Build/Intermediates.noindex/CanvasTextReceiptEvidence.build/Debug-iphonesimulator/CanvasTextReceiptEvidence.build/CanvasTextReceiptEvidence-project-headers.hmap -Xcc -I/tmp/luna-ios-text-receipt-build-ZsbJQ5/derived-data/Build/Products/Debug-iphonesimulator/include -Xcc -I/tmp/luna-ios-text-receipt-build-ZsbJQ5/derived-data/Build/Intermediates.noindex/CanvasTextReceiptEvidence.build/Debug-iphonesimulator/CanvasTextReceiptEvidence.build/DerivedSources-normal/x86_64 -Xcc -I/tmp/luna-ios-text-receipt-build-ZsbJQ5/derived-data/Build/Intermediates.noindex/CanvasTextReceiptEvidence.build/Debug-iphonesimulator/CanvasTextReceiptEvidence.build/DerivedSources/x86_64 -Xcc -I/tmp/luna-ios-text-receipt-build-ZsbJQ5/derived-data/Build/Intermediates.noindex/CanvasTextReceiptEvidence.build/Debug-iphonesimulator/CanvasTextReceiptEvidence.build/DerivedSources -Xcc -DDEBUG\=1 -emit-objc-header -emit-objc-header-path /tmp/luna-ios-text-receipt-build-ZsbJQ5/derived-data/Build/Intermediates.noindex/CanvasTextReceiptEvidence.build/Debug-iphonesimulator/CanvasTextReceiptEvidence.build/Objects-normal/x86_64/CanvasTextReceiptEvidence-Swift.h -working-directory /tmp/luna-ios-text-receipt-build-ZsbJQ5/project-parent/luna-ios-text-receipt-20260907 -experimental-emit-module-separately -disable-cmo

Ld /tmp/luna-ios-text-receipt-build-ZsbJQ5/derived-data/Build/Intermediates.noindex/CanvasTextReceiptEvidence.build/Debug-iphonesimulator/CanvasTextReceiptEvidence.build/Objects-normal/x86_64/Binary/CanvasTextReceiptEvidence.debug.dylib normal x86_64 (in target 'CanvasTextReceiptEvidence' from project 'CanvasTextReceiptEvidence')
    cd /tmp/luna-ios-text-receipt-build-ZsbJQ5/project-parent/luna-ios-text-receipt-20260907
    /Applications/Xcode.app/Contents/Developer/Toolchains/XcodeDefault.xctoolchain/usr/bin/clang -Xlinker -reproducible -target x86_64-apple-ios16.0-simulator -dynamiclib -isysroot /Applications/Xcode.app/Contents/Developer/Platforms/iPhoneSimulator.platform/Developer/SDKs/iPhoneSimulator26.2.sdk -O0 -L/tmp/luna-ios-text-receipt-build-ZsbJQ5/derived-data/Build/Intermediates.noindex/EagerLinkingTBDs/Debug-iphonesimulator -L/tmp/luna-ios-text-receipt-build-ZsbJQ5/derived-data/Build/Products/Debug-iphonesimulator -F/tmp/luna-ios-text-receipt-build-ZsbJQ5/derived-data/Build/Intermediates.noindex/EagerLinkingTBDs/Debug-iphonesimulator -F/tmp/luna-ios-text-receipt-build-ZsbJQ5/derived-data/Build/Products/Debug-iphonesimulator -filelist /tmp/luna-ios-text-receipt-build-ZsbJQ5/derived-data/Build/Intermediates.noindex/CanvasTextReceiptEvidence.build/Debug-iphonesimulator/CanvasTextReceiptEvidence.build/Objects-normal/x86_64/CanvasTextReceiptEvidence.LinkFileList -install_name @rpath/CanvasTextReceiptEvidence.debug.dylib -Xlinker -rpath -Xlinker /usr/lib/swift -Xlinker -rpath -Xlinker @executable_path/Frameworks -dead_strip -Xlinker -object_path_lto -Xlinker /tmp/luna-ios-text-receipt-build-ZsbJQ5/derived-data/Build/Intermediates.noindex/CanvasTextReceiptEvidence.build/Debug-iphonesimulator/CanvasTextReceiptEvidence.build/Objects-normal/x86_64/CanvasTextReceiptEvidence_lto.o -rdynamic -Xlinker -no_deduplicate -Xlinker -objc_abi_version -Xlinker 2 -Xlinker -dependency_info -Xlinker /tmp/luna-ios-text-receipt-build-ZsbJQ5/derived-data/Build/Intermediates.noindex/CanvasTextReceiptEvidence.build/Debug-iphonesimulator/CanvasTextReceiptEvidence.build/Objects-normal/x86_64/CanvasTextReceiptEvidence_dependency_info.dat -fobjc-link-runtime -L/Applications/Xcode.app/Contents/Developer/Toolchains/XcodeDefault.xctoolchain/usr/lib/swift/iphonesimulator -L/usr/lib/swift -Xlinker -add_ast_path -Xlinker /tmp/luna-ios-text-receipt-build-ZsbJQ5/derived-data/Build/Intermediates.noindex/CanvasTextReceiptEvidence.build/Debug-iphonesimulator/CanvasTextReceiptEvidence.build/Objects-normal/x86_64/CanvasTextReceiptEvidence.swiftmodule @/tmp/luna-ios-text-receipt-build-ZsbJQ5/derived-data/Build/Intermediates.noindex/CanvasTextReceiptEvidence.build/Debug-iphonesimulator/CanvasTextReceiptEvidence.build/Objects-normal/x86_64/CanvasTextReceiptEvidence-linker-args.resp -Xlinker -alias -Xlinker _main -Xlinker ___debug_main_executable_dylib_entry_point -o /tmp/luna-ios-text-receipt-build-ZsbJQ5/derived-data/Build/Intermediates.noindex/CanvasTextReceiptEvidence.build/Debug-iphonesimulator/CanvasTextReceiptEvidence.build/Objects-normal/x86_64/Binary/CanvasTextReceiptEvidence.debug.dylib

ConstructStubExecutorLinkFileList /tmp/luna-ios-text-receipt-build-ZsbJQ5/derived-data/Build/Intermediates.noindex/CanvasTextReceiptEvidence.build/Debug-iphonesimulator/CanvasTextReceiptEvidence.build/CanvasTextReceiptEvidence-ExecutorLinkFileList-normal-arm64.txt (in target 'CanvasTextReceiptEvidence' from project 'CanvasTextReceiptEvidence')
    cd /tmp/luna-ios-text-receipt-build-ZsbJQ5/project-parent/luna-ios-text-receipt-20260907
    construct-stub-executor-link-file-list /tmp/luna-ios-text-receipt-build-ZsbJQ5/derived-data/Build/Intermediates.noindex/CanvasTextReceiptEvidence.build/Debug-iphonesimulator/CanvasTextReceiptEvidence.build/Objects-normal/arm64/Binary/CanvasTextReceiptEvidence.debug.dylib /Applications/Xcode.app/Contents/Developer/Platforms/iPhoneSimulator.platform/Developer/usr/lib/libPreviewsJITStubExecutor_no_swift_entry_point.a /Applications/Xcode.app/Contents/Developer/Platforms/iPhoneSimulator.platform/Developer/usr/lib/libPreviewsJITStubExecutor.a --output /tmp/luna-ios-text-receipt-build-ZsbJQ5/derived-data/Build/Intermediates.noindex/CanvasTextReceiptEvidence.build/Debug-iphonesimulator/CanvasTextReceiptEvidence.build/CanvasTextReceiptEvidence-ExecutorLinkFileList-normal-arm64.txt
note: Using stub executor library with Swift entry point. (in target 'CanvasTextReceiptEvidence' from project 'CanvasTextReceiptEvidence')

Ld /tmp/luna-ios-text-receipt-build-ZsbJQ5/derived-data/Build/Intermediates.noindex/CanvasTextReceiptEvidence.build/Debug-iphonesimulator/CanvasTextReceiptEvidence.build/Objects-normal/arm64/Binary/CanvasTextReceiptEvidence normal arm64 (in target 'CanvasTextReceiptEvidence' from project 'CanvasTextReceiptEvidence')
    cd /tmp/luna-ios-text-receipt-build-ZsbJQ5/project-parent/luna-ios-text-receipt-20260907
    /Applications/Xcode.app/Contents/Developer/Toolchains/XcodeDefault.xctoolchain/usr/bin/clang -Xlinker -reproducible -target arm64-apple-ios16.0-simulator -isysroot /Applications/Xcode.app/Contents/Developer/Platforms/iPhoneSimulator.platform/Developer/SDKs/iPhoneSimulator26.2.sdk -O0 -L/tmp/luna-ios-text-receipt-build-ZsbJQ5/derived-data/Build/Products/Debug-iphonesimulator -F/tmp/luna-ios-text-receipt-build-ZsbJQ5/derived-data/Build/Products/Debug-iphonesimulator -Xlinker -rpath -Xlinker @executable_path -Xlinker -rpath -Xlinker @executable_path/Frameworks -rdynamic -Xlinker -no_deduplicate -Xlinker -objc_abi_version -Xlinker 2 -e ___debug_blank_executor_main -Xlinker -sectcreate -Xlinker __TEXT -Xlinker __debug_dylib -Xlinker /tmp/luna-ios-text-receipt-build-ZsbJQ5/derived-data/Build/Intermediates.noindex/CanvasTextReceiptEvidence.build/Debug-iphonesimulator/CanvasTextReceiptEvidence.build/CanvasTextReceiptEvidence-DebugDylibPath-normal-arm64.txt -Xlinker -sectcreate -Xlinker __TEXT -Xlinker __debug_instlnm -Xlinker /tmp/luna-ios-text-receipt-build-ZsbJQ5/derived-data/Build/Intermediates.noindex/CanvasTextReceiptEvidence.build/Debug-iphonesimulator/CanvasTextReceiptEvidence.build/CanvasTextReceiptEvidence-DebugDylibInstallName-normal-arm64.txt -Xlinker -filelist -Xlinker /tmp/luna-ios-text-receipt-build-ZsbJQ5/derived-data/Build/Intermediates.noindex/CanvasTextReceiptEvidence.build/Debug-iphonesimulator/CanvasTextReceiptEvidence.build/CanvasTextReceiptEvidence-ExecutorLinkFileList-normal-arm64.txt /tmp/luna-ios-text-receipt-build-ZsbJQ5/derived-data/Build/Intermediates.noindex/CanvasTextReceiptEvidence.build/Debug-iphonesimulator/CanvasTextReceiptEvidence.build/Objects-normal/arm64/Binary/CanvasTextReceiptEvidence.debug.dylib -o /tmp/luna-ios-text-receipt-build-ZsbJQ5/derived-data/Build/Intermediates.noindex/CanvasTextReceiptEvidence.build/Debug-iphonesimulator/CanvasTextReceiptEvidence.build/Objects-normal/arm64/Binary/CanvasTextReceiptEvidence

ConstructStubExecutorLinkFileList /tmp/luna-ios-text-receipt-build-ZsbJQ5/derived-data/Build/Intermediates.noindex/CanvasTextReceiptEvidence.build/Debug-iphonesimulator/CanvasTextReceiptEvidence.build/CanvasTextReceiptEvidence-ExecutorLinkFileList-normal-x86_64.txt (in target 'CanvasTextReceiptEvidence' from project 'CanvasTextReceiptEvidence')
    cd /tmp/luna-ios-text-receipt-build-ZsbJQ5/project-parent/luna-ios-text-receipt-20260907
    construct-stub-executor-link-file-list /tmp/luna-ios-text-receipt-build-ZsbJQ5/derived-data/Build/Intermediates.noindex/CanvasTextReceiptEvidence.build/Debug-iphonesimulator/CanvasTextReceiptEvidence.build/Objects-normal/x86_64/Binary/CanvasTextReceiptEvidence.debug.dylib /Applications/Xcode.app/Contents/Developer/Platforms/iPhoneSimulator.platform/Developer/usr/lib/libPreviewsJITStubExecutor_no_swift_entry_point.a /Applications/Xcode.app/Contents/Developer/Platforms/iPhoneSimulator.platform/Developer/usr/lib/libPreviewsJITStubExecutor.a --output /tmp/luna-ios-text-receipt-build-ZsbJQ5/derived-data/Build/Intermediates.noindex/CanvasTextReceiptEvidence.build/Debug-iphonesimulator/CanvasTextReceiptEvidence.build/CanvasTextReceiptEvidence-ExecutorLinkFileList-normal-x86_64.txt
note: Using stub executor library with Swift entry point. (in target 'CanvasTextReceiptEvidence' from project 'CanvasTextReceiptEvidence')

CreateUniversalBinary /tmp/luna-ios-text-receipt-build-ZsbJQ5/derived-data/Build/Products/Debug-iphonesimulator/CanvasTextReceiptEvidence.app/CanvasTextReceiptEvidence.debug.dylib normal arm64\ x86_64 (in target 'CanvasTextReceiptEvidence' from project 'CanvasTextReceiptEvidence')
    cd /tmp/luna-ios-text-receipt-build-ZsbJQ5/project-parent/luna-ios-text-receipt-20260907
    /Applications/Xcode.app/Contents/Developer/Toolchains/XcodeDefault.xctoolchain/usr/bin/lipo -create /tmp/luna-ios-text-receipt-build-ZsbJQ5/derived-data/Build/Intermediates.noindex/CanvasTextReceiptEvidence.build/Debug-iphonesimulator/CanvasTextReceiptEvidence.build/Objects-normal/arm64/Binary/CanvasTextReceiptEvidence.debug.dylib /tmp/luna-ios-text-receipt-build-ZsbJQ5/derived-data/Build/Intermediates.noindex/CanvasTextReceiptEvidence.build/Debug-iphonesimulator/CanvasTextReceiptEvidence.build/Objects-normal/x86_64/Binary/CanvasTextReceiptEvidence.debug.dylib -output /tmp/luna-ios-text-receipt-build-ZsbJQ5/derived-data/Build/Products/Debug-iphonesimulator/CanvasTextReceiptEvidence.app/CanvasTextReceiptEvidence.debug.dylib

Ld /tmp/luna-ios-text-receipt-build-ZsbJQ5/derived-data/Build/Intermediates.noindex/CanvasTextReceiptEvidence.build/Debug-iphonesimulator/CanvasTextReceiptEvidence.build/Objects-normal/x86_64/Binary/CanvasTextReceiptEvidence normal x86_64 (in target 'CanvasTextReceiptEvidence' from project 'CanvasTextReceiptEvidence')
    cd /tmp/luna-ios-text-receipt-build-ZsbJQ5/project-parent/luna-ios-text-receipt-20260907
    /Applications/Xcode.app/Contents/Developer/Toolchains/XcodeDefault.xctoolchain/usr/bin/clang -Xlinker -reproducible -target x86_64-apple-ios16.0-simulator -isysroot /Applications/Xcode.app/Contents/Developer/Platforms/iPhoneSimulator.platform/Developer/SDKs/iPhoneSimulator26.2.sdk -O0 -L/tmp/luna-ios-text-receipt-build-ZsbJQ5/derived-data/Build/Products/Debug-iphonesimulator -F/tmp/luna-ios-text-receipt-build-ZsbJQ5/derived-data/Build/Products/Debug-iphonesimulator -Xlinker -rpath -Xlinker @executable_path -Xlinker -rpath -Xlinker @executable_path/Frameworks -rdynamic -Xlinker -no_deduplicate -Xlinker -objc_abi_version -Xlinker 2 -e ___debug_blank_executor_main -Xlinker -sectcreate -Xlinker __TEXT -Xlinker __debug_dylib -Xlinker /tmp/luna-ios-text-receipt-build-ZsbJQ5/derived-data/Build/Intermediates.noindex/CanvasTextReceiptEvidence.build/Debug-iphonesimulator/CanvasTextReceiptEvidence.build/CanvasTextReceiptEvidence-DebugDylibPath-normal-x86_64.txt -Xlinker -sectcreate -Xlinker __TEXT -Xlinker __debug_instlnm -Xlinker /tmp/luna-ios-text-receipt-build-ZsbJQ5/derived-data/Build/Intermediates.noindex/CanvasTextReceiptEvidence.build/Debug-iphonesimulator/CanvasTextReceiptEvidence.build/CanvasTextReceiptEvidence-DebugDylibInstallName-normal-x86_64.txt -Xlinker -filelist -Xlinker /tmp/luna-ios-text-receipt-build-ZsbJQ5/derived-data/Build/Intermediates.noindex/CanvasTextReceiptEvidence.build/Debug-iphonesimulator/CanvasTextReceiptEvidence.build/CanvasTextReceiptEvidence-ExecutorLinkFileList-normal-x86_64.txt /tmp/luna-ios-text-receipt-build-ZsbJQ5/derived-data/Build/Intermediates.noindex/CanvasTextReceiptEvidence.build/Debug-iphonesimulator/CanvasTextReceiptEvidence.build/Objects-normal/x86_64/Binary/CanvasTextReceiptEvidence.debug.dylib -o /tmp/luna-ios-text-receipt-build-ZsbJQ5/derived-data/Build/Intermediates.noindex/CanvasTextReceiptEvidence.build/Debug-iphonesimulator/CanvasTextReceiptEvidence.build/Objects-normal/x86_64/Binary/CanvasTextReceiptEvidence

CreateUniversalBinary /tmp/luna-ios-text-receipt-build-ZsbJQ5/derived-data/Build/Products/Debug-iphonesimulator/CanvasTextReceiptEvidence.app/CanvasTextReceiptEvidence normal arm64\ x86_64 (in target 'CanvasTextReceiptEvidence' from project 'CanvasTextReceiptEvidence')
    cd /tmp/luna-ios-text-receipt-build-ZsbJQ5/project-parent/luna-ios-text-receipt-20260907
    /Applications/Xcode.app/Contents/Developer/Toolchains/XcodeDefault.xctoolchain/usr/bin/lipo -create /tmp/luna-ios-text-receipt-build-ZsbJQ5/derived-data/Build/Intermediates.noindex/CanvasTextReceiptEvidence.build/Debug-iphonesimulator/CanvasTextReceiptEvidence.build/Objects-normal/arm64/Binary/CanvasTextReceiptEvidence /tmp/luna-ios-text-receipt-build-ZsbJQ5/derived-data/Build/Intermediates.noindex/CanvasTextReceiptEvidence.build/Debug-iphonesimulator/CanvasTextReceiptEvidence.build/Objects-normal/x86_64/Binary/CanvasTextReceiptEvidence -output /tmp/luna-ios-text-receipt-build-ZsbJQ5/derived-data/Build/Products/Debug-iphonesimulator/CanvasTextReceiptEvidence.app/CanvasTextReceiptEvidence

CopySwiftLibs /tmp/luna-ios-text-receipt-build-ZsbJQ5/derived-data/Build/Products/Debug-iphonesimulator/CanvasTextReceiptEvidence.app (in target 'CanvasTextReceiptEvidence' from project 'CanvasTextReceiptEvidence')
    cd /tmp/luna-ios-text-receipt-build-ZsbJQ5/project-parent/luna-ios-text-receipt-20260907
    builtin-swiftStdLibTool --copy --verbose --scan-executable /tmp/luna-ios-text-receipt-build-ZsbJQ5/derived-data/Build/Products/Debug-iphonesimulator/CanvasTextReceiptEvidence.app/CanvasTextReceiptEvidence.debug.dylib --scan-folder /tmp/luna-ios-text-receipt-build-ZsbJQ5/derived-data/Build/Products/Debug-iphonesimulator/CanvasTextReceiptEvidence.app/Frameworks --scan-folder /tmp/luna-ios-text-receipt-build-ZsbJQ5/derived-data/Build/Products/Debug-iphonesimulator/CanvasTextReceiptEvidence.app/PlugIns --scan-folder /tmp/luna-ios-text-receipt-build-ZsbJQ5/derived-data/Build/Products/Debug-iphonesimulator/CanvasTextReceiptEvidence.app/SystemExtensions --scan-folder /tmp/luna-ios-text-receipt-build-ZsbJQ5/derived-data/Build/Products/Debug-iphonesimulator/CanvasTextReceiptEvidence.app/Extensions --platform iphonesimulator --toolchain /var/run/com.apple.security.cryptexd/mnt/com.apple.MobileAsset.MetalToolchain-v17.3.7003.10.QeN7Ic/Metal.xctoolchain --toolchain /Applications/Xcode.app/Contents/Developer/Toolchains/XcodeDefault.xctoolchain --destination /tmp/luna-ios-text-receipt-build-ZsbJQ5/derived-data/Build/Products/Debug-iphonesimulator/CanvasTextReceiptEvidence.app/Frameworks --strip-bitcode --strip-bitcode-tool /Applications/Xcode.app/Contents/Developer/Toolchains/XcodeDefault.xctoolchain/usr/bin/bitcode_strip --emit-dependency-info /tmp/luna-ios-text-receipt-build-ZsbJQ5/derived-data/Build/Intermediates.noindex/CanvasTextReceiptEvidence.build/Debug-iphonesimulator/CanvasTextReceiptEvidence.build/SwiftStdLibToolInputDependencies.dep --filter-for-swift-os --back-deploy-swift-span
Ignoring --strip-bitcode because --sign was not passed

ExtractAppIntentsMetadata (in target 'CanvasTextReceiptEvidence' from project 'CanvasTextReceiptEvidence')
    cd /tmp/luna-ios-text-receipt-build-ZsbJQ5/project-parent/luna-ios-text-receipt-20260907
    /Applications/Xcode.app/Contents/Developer/Toolchains/XcodeDefault.xctoolchain/usr/bin/appintentsmetadataprocessor --toolchain-dir /var/run/com.apple.security.cryptexd/mnt/com.apple.MobileAsset.MetalToolchain-v17.3.7003.10.QeN7Ic/Metal.xctoolchain --module-name CanvasTextReceiptEvidence --sdk-root /Applications/Xcode.app/Contents/Developer/Platforms/iPhoneSimulator.platform/Developer/SDKs/iPhoneSimulator26.2.sdk --xcode-version 17C52 --platform-family iOS --deployment-target 16.0 --bundle-identifier com.penkra.canvas.qa.textreceipt --output /tmp/luna-ios-text-receipt-build-ZsbJQ5/derived-data/Build/Products/Debug-iphonesimulator/CanvasTextReceiptEvidence.app --target-triple arm64-apple-ios16.0-simulator --target-triple x86_64-apple-ios16.0-simulator --binary-file /tmp/luna-ios-text-receipt-build-ZsbJQ5/derived-data/Build/Products/Debug-iphonesimulator/CanvasTextReceiptEvidence.app/CanvasTextReceiptEvidence --dependency-file /tmp/luna-ios-text-receipt-build-ZsbJQ5/derived-data/Build/Intermediates.noindex/CanvasTextReceiptEvidence.build/Debug-iphonesimulator/CanvasTextReceiptEvidence.build/Objects-normal/arm64/CanvasTextReceiptEvidence_dependency_info.dat --dependency-file /tmp/luna-ios-text-receipt-build-ZsbJQ5/derived-data/Build/Intermediates.noindex/CanvasTextReceiptEvidence.build/Debug-iphonesimulator/CanvasTextReceiptEvidence.build/Objects-normal/x86_64/CanvasTextReceiptEvidence_dependency_info.dat --stringsdata-file /tmp/luna-ios-text-receipt-build-ZsbJQ5/derived-data/Build/Intermediates.noindex/CanvasTextReceiptEvidence.build/Debug-iphonesimulator/CanvasTextReceiptEvidence.build/Objects-normal/arm64/ExtractedAppShortcutsMetadata.stringsdata --stringsdata-file /tmp/luna-ios-text-receipt-build-ZsbJQ5/derived-data/Build/Intermediates.noindex/CanvasTextReceiptEvidence.build/Debug-iphonesimulator/CanvasTextReceiptEvidence.build/Objects-normal/x86_64/ExtractedAppShortcutsMetadata.stringsdata --source-file-list /tmp/luna-ios-text-receipt-build-ZsbJQ5/derived-data/Build/Intermediates.noindex/CanvasTextReceiptEvidence.build/Debug-iphonesimulator/CanvasTextReceiptEvidence.build/Objects-normal/arm64/CanvasTextReceiptEvidence.SwiftFileList --source-file-list /tmp/luna-ios-text-receipt-build-ZsbJQ5/derived-data/Build/Intermediates.noindex/CanvasTextReceiptEvidence.build/Debug-iphonesimulator/CanvasTextReceiptEvidence.build/Objects-normal/x86_64/CanvasTextReceiptEvidence.SwiftFileList --metadata-file-list /tmp/luna-ios-text-receipt-build-ZsbJQ5/derived-data/Build/Intermediates.noindex/CanvasTextReceiptEvidence.build/Debug-iphonesimulator/CanvasTextReceiptEvidence.build/CanvasTextReceiptEvidence.DependencyMetadataFileList --static-metadata-file-list /tmp/luna-ios-text-receipt-build-ZsbJQ5/derived-data/Build/Intermediates.noindex/CanvasTextReceiptEvidence.build/Debug-iphonesimulator/CanvasTextReceiptEvidence.build/CanvasTextReceiptEvidence.DependencyStaticMetadataFileList --swift-const-vals-list /tmp/luna-ios-text-receipt-build-ZsbJQ5/derived-data/Build/Intermediates.noindex/CanvasTextReceiptEvidence.build/Debug-iphonesimulator/CanvasTextReceiptEvidence.build/Objects-normal/arm64/CanvasTextReceiptEvidence.SwiftConstValuesFileList --swift-const-vals-list /tmp/luna-ios-text-receipt-build-ZsbJQ5/derived-data/Build/Intermediates.noindex/CanvasTextReceiptEvidence.build/Debug-iphonesimulator/CanvasTextReceiptEvidence.build/Objects-normal/x86_64/CanvasTextReceiptEvidence.SwiftConstValuesFileList --compile-time-extraction --deployment-aware-processing --validate-assistant-intents --no-app-shortcuts-localization
2026-09-07 10:00:53.276 appintentsmetadataprocessor[17459:87691781] Starting appintentsmetadataprocessor export
2026-09-07 10:00:53.299 appintentsmetadataprocessor[17459:87691781] warning: Metadata extraction skipped. No AppIntents.framework dependency found.

AppIntentsSSUTraining (in target 'CanvasTextReceiptEvidence' from project 'CanvasTextReceiptEvidence')
    cd /tmp/luna-ios-text-receipt-build-ZsbJQ5/project-parent/luna-ios-text-receipt-20260907
    /Applications/Xcode.app/Contents/Developer/Toolchains/XcodeDefault.xctoolchain/usr/bin/appintentsnltrainingprocessor --infoplist-path /tmp/luna-ios-text-receipt-build-ZsbJQ5/derived-data/Build/Products/Debug-iphonesimulator/CanvasTextReceiptEvidence.app/Info.plist --temp-dir-path /tmp/luna-ios-text-receipt-build-ZsbJQ5/derived-data/Build/Intermediates.noindex/CanvasTextReceiptEvidence.build/Debug-iphonesimulator/CanvasTextReceiptEvidence.build/ssu --bundle-id com.penkra.canvas.qa.textreceipt --product-path /tmp/luna-ios-text-receipt-build-ZsbJQ5/derived-data/Build/Products/Debug-iphonesimulator/CanvasTextReceiptEvidence.app --extracted-metadata-path /tmp/luna-ios-text-receipt-build-ZsbJQ5/derived-data/Build/Products/Debug-iphonesimulator/CanvasTextReceiptEvidence.app/Metadata.appintents --metadata-file-list /tmp/luna-ios-text-receipt-build-ZsbJQ5/derived-data/Build/Intermediates.noindex/CanvasTextReceiptEvidence.build/Debug-iphonesimulator/CanvasTextReceiptEvidence.build/CanvasTextReceiptEvidence.DependencyMetadataFileList --archive-ssu-assets
2026-09-07 10:00:53.326 appintentsnltrainingprocessor[17462:87691786] Parsing options for appintentsnltrainingprocessor
2026-09-07 10:00:53.326 appintentsnltrainingprocessor[17462:87691786] No AppShortcuts found - Skipping.

RegisterExecutionPolicyException /tmp/luna-ios-text-receipt-build-ZsbJQ5/derived-data/Build/Products/Debug-iphonesimulator/CanvasTextReceiptEvidence.app (in target 'CanvasTextReceiptEvidence' from project 'CanvasTextReceiptEvidence')
    cd /tmp/luna-ios-text-receipt-build-ZsbJQ5/project-parent/luna-ios-text-receipt-20260907
    builtin-RegisterExecutionPolicyException /tmp/luna-ios-text-receipt-build-ZsbJQ5/derived-data/Build/Products/Debug-iphonesimulator/CanvasTextReceiptEvidence.app

Validate /tmp/luna-ios-text-receipt-build-ZsbJQ5/derived-data/Build/Products/Debug-iphonesimulator/CanvasTextReceiptEvidence.app (in target 'CanvasTextReceiptEvidence' from project 'CanvasTextReceiptEvidence')
    cd /tmp/luna-ios-text-receipt-build-ZsbJQ5/project-parent/luna-ios-text-receipt-20260907
    builtin-validationUtility /tmp/luna-ios-text-receipt-build-ZsbJQ5/derived-data/Build/Products/Debug-iphonesimulator/CanvasTextReceiptEvidence.app -shallow-bundle -infoplist-subpath Info.plist

Touch /tmp/luna-ios-text-receipt-build-ZsbJQ5/derived-data/Build/Products/Debug-iphonesimulator/CanvasTextReceiptEvidence.app (in target 'CanvasTextReceiptEvidence' from project 'CanvasTextReceiptEvidence')
    cd /tmp/luna-ios-text-receipt-build-ZsbJQ5/project-parent/luna-ios-text-receipt-20260907
    /usr/bin/touch -c /tmp/luna-ios-text-receipt-build-ZsbJQ5/derived-data/Build/Products/Debug-iphonesimulator/CanvasTextReceiptEvidence.app

** BUILD SUCCEEDED **

